IDENTIFIER,GAMEEVENTS,EVENTS,EVENT,VARIABLE,TYPE,ORDER,ROWS,HEADS,,GAME EVENTS,EVENTS,EVENT,VARIABLE
,,,,,,,,,,,,,
,,,,,,,,,,,,,
,,,,,,,,,,,,,
AllianceAvailable,,Y,AllianceAvailable,,,0,X,Z,,,✓,AllianceAvailable,
AllianceAvailable_playerID,,Y,AllianceAvailable,playerID,:number,1,X,X,,,✓,,playerID
AllianceAvailable_otherplayerID,,Y,AllianceAvailable,otherplayerID,:number,2,X,X,,,✓,,otherplayerID
AllianceAvailable_AllianceType,,Y,AllianceAvailable,AllianceType,:number,3,X,X,,,✓,,AllianceType
AllianceEnded,,Y,AllianceEnded,,,0,Y,W,,,✓,AllianceEnded,
AllianceEnded_playerID,,Y,AllianceEnded,playerID,:number,1,Y,Y,,,✓,,playerID
AllianceEnded_otherplayerID,,Y,AllianceEnded,otherplayerID,:number,2,Y,Y,,,✓,,otherplayerID
AllianceEnded_AllianceType,,Y,AllianceEnded,AllianceType,:number,3,Y,Y,,,✓,,AllianceType
AnarchyBegins,,Y,AnarchyBegins,,,0,X,Z,,,✓,AnarchyBegins,
AnarchyEnds,,Y,AnarchyEnds,,,0,Y,W,,,✓,AnarchyEnds,
BarbarianRaidStarted,,Y,BarbarianRaidStarted,,,0,X,Z,,,✓,BarbarianRaidStarted,
BarbarianSpottedCity,,Y,BarbarianSpottedCity,,,0,Y,W,,,✓,BarbarianSpottedCity,
BarbarianSpottedCity_playerID,,Y,BarbarianSpottedCity,playerID,:number,1,Y,Y,,,✓,,playerID
BarbarianSpottedCity_unitID,,Y,BarbarianSpottedCity,unitID,:number,2,Y,Y,,,✓,,unitID
BarbarianSpottedCity_cityOwner,,Y,BarbarianSpottedCity,cityOwner,:number,3,Y,Y,,,✓,,cityOwner
BarbarianSpottedCity_cityID,,Y,BarbarianSpottedCity,cityID,:number,4,Y,Y,,,✓,,cityID
BeginWonderReveal,,Y,BeginWonderReveal,,,0,X,Z,,,✓,BeginWonderReveal,
BeliefAdded,,Y,BeliefAdded,,,0,Y,W,,,✓,BeliefAdded,
BeliefAdded_playerID,,Y,BeliefAdded,playerID,:number,1,Y,Y,,,✓,,playerID
BeliefAdded_beliefID,,Y,BeliefAdded,beliefID,:number,2,Y,Y,,,✓,,beliefID
BuildingAddedToMap,,Y,BuildingAddedToMap,,,0,X,Z,,,✓,BuildingAddedToMap,
BuildingAddedToMap_iX,,Y,BuildingAddedToMap,iX,:number,1,X,X,,,✓,,iX
BuildingAddedToMap_iY,,Y,BuildingAddedToMap,iY,:number,2,X,X,,,✓,,iY
BuildingAddedToMap_buildingID,,Y,BuildingAddedToMap,buildingID,:number,3,X,X,,,✓,,buildingID
BuildingAddedToMap_playerID,,Y,BuildingAddedToMap,playerID,:number,4,X,X,,,✓,,playerID
BuildingAddedToMap_misc2,,Y,BuildingAddedToMap,misc2,,5,X,X,,,✓,,misc2
BuildingAddedToMap_misc3,,Y,BuildingAddedToMap,misc3,,6,X,X,,,✓,,misc3
BuildingBuildProgressChanged,,Y,BuildingBuildProgressChanged,,,0,Y,W,,,✓,BuildingBuildProgressChanged,
BuildingChanged,,Y,BuildingChanged,,,0,X,Z,,,✓,BuildingChanged,
BuildingChanged_iX,,Y,BuildingChanged,iX,:number,1,X,X,,,✓,,iX
BuildingChanged_iY,,Y,BuildingChanged,iY,:number,2,X,X,,,✓,,iY
BuildingChanged_buildingID,,Y,BuildingChanged,buildingID,:number,3,X,X,,,✓,,buildingID
BuildingChanged_playerID,,Y,BuildingChanged,playerID,:number,4,X,X,,,✓,,playerID
BuildingChanged_iPercentComplete,,Y,BuildingChanged,iPercentComplete,:number,5,X,X,,,✓,,iPercentComplete
BuildingChanged_iUnknown,,Y,BuildingChanged,iUnknown,,6,X,X,,,✓,,iUnknown
BuildingConstructed,Y,,BuildingConstructed,,,0,Y,W,,✓,,BuildingConstructed,
BuildingConstructed_playerID,Y,,BuildingConstructed,playerID,:number,1,Y,Y,,✓,,,playerID
BuildingConstructed_cityID,Y,,BuildingConstructed,cityID,:number,2,Y,Y,,✓,,,cityID
BuildingConstructed_buildingID,Y,,BuildingConstructed,buildingID,:number,3,Y,Y,,✓,,,buildingID
BuildingConstructed_plotID,Y,,BuildingConstructed,plotID,:number,4,Y,Y,,✓,,,plotID
BuildingConstructed_bOriginalConstruction,Y,,BuildingConstructed,bOriginalConstruction,:boolean,5,Y,Y,,✓,,,bOriginalConstruction
BuildingPillaged,,Y,BuildingPillaged,,,0,X,Z,,,✓,BuildingPillaged,
BuildingPillageStateChanged,Y,,BuildingPillageStateChanged,,,0,Y,W,,✓,,BuildingPillageStateChanged,
BuildingPillageStateChanged_playerID,Y,,BuildingPillageStateChanged,playerID,:number,1,Y,Y,,✓,,,playerID
BuildingPillageStateChanged_cityID,Y,,BuildingPillageStateChanged,cityID,:number,2,Y,Y,,✓,,,cityID
BuildingPillageStateChanged_buildingID,Y,,BuildingPillageStateChanged,buildingID,:number,3,Y,Y,,✓,,,buildingID
BuildingPillageStateChanged_bPillageState,Y,,BuildingPillageStateChanged,bPillageState,:boolean,4,Y,Y,,✓,,,bPillageState
BuildingRemovedFromMap,,Y,BuildingRemovedFromMap,,,0,X,Z,,,✓,BuildingRemovedFromMap,
BuildingRemovedFromMap_iX,,Y,BuildingRemovedFromMap,iX,:number,1,X,X,,,✓,,iX
BuildingRemovedFromMap_iY,,Y,BuildingRemovedFromMap,iY,:number,2,X,X,,,✓,,iY
BuildingVisibilityChanged,,Y,BuildingVisibilityChanged,,,0,Y,W,,,✓,BuildingVisibilityChanged,
CacheUpdate,,Y,CacheUpdate,,,0,X,Z,,,✓,CacheUpdate,
CameraUpdated,,Y,CameraUpdated,,,0,Y,W,,,✓,CameraUpdated,
CameraUpdated_vFocusX,,Y,CameraUpdated,vFocusX,:number,1,Y,Y,,,✓,,vFocusX
CameraUpdated_vFocusY,,Y,CameraUpdated,vFocusY,:number,2,Y,Y,,,✓,,vFocusY
CameraUpdated_fZoomLevel,,Y,CameraUpdated,fZoomLevel,:number,3,Y,Y,,,✓,,fZoomLevel
CapitalCityChanged,,Y,CapitalCityChanged,,,0,X,Z,,,✓,CapitalCityChanged,
CapitalCityChanged_playerID,,Y,CapitalCityChanged,playerID,:number,1,X,X,,,✓,,playerID
CapitalCityChanged_cityID,,Y,CapitalCityChanged,cityID,:number,2,X,X,,,✓,,cityID
CityAddedToMap,,Y,CityAddedToMap,,,0,Y,W,,,✓,CityAddedToMap,
CityAddedToMap_playerID,,Y,CityAddedToMap,playerID,:number,1,Y,Y,,,✓,,playerID
CityAddedToMap_cityID,,Y,CityAddedToMap,cityID,:number,2,Y,Y,,,✓,,cityID
CityAddedToMap_iX,,Y,CityAddedToMap,iX,:number,3,Y,Y,,,✓,,iX
CityAddedToMap_iY,,Y,CityAddedToMap,iY,:number,4,Y,Y,,,✓,,iY
CityBuilt,Y,,CityBuilt,,,0,X,Z,,✓,,CityBuilt,
CityBuilt_playerID,Y,,CityBuilt,playerID,:number,1,X,X,,✓,,,playerID
CityBuilt_cityID,Y,,CityBuilt,cityID,:number,2,X,X,,✓,,,cityID
CityBuilt_iX,Y,,CityBuilt,iX,:number,3,X,X,,✓,,,iX
CityBuilt_iY,Y,,CityBuilt,iY,:number,4,X,X,,✓,,,iY
CityChanged,,Y,CityChanged,,,0,Y,W,,,✓,CityChanged,
CityCommandStarted,,Y,CityCommandStarted,,,0,X,Z,,,✓,CityCommandStarted,
CityCommandStarted_cityOwnerID,,Y,CityCommandStarted,cityOwnerID,:number,1,X,X,,,✓,,cityOwnerID
CityCommandStarted_cityID,,Y,CityCommandStarted,cityID,:number,2,X,X,,,✓,,cityID
CityCommandStarted_districtOwnerID,,Y,CityCommandStarted,districtOwnerID,:number,3,X,X,,,✓,,districtOwnerID
CityCommandStarted_commandType,,Y,CityCommandStarted,commandType,:number,4,X,X,,,✓,,commandType
CityCommandStarted_iData1,,Y,CityCommandStarted,iData1,:number,5,X,X,,,✓,,iData1
CityConquered,Y,,CityConquered,,,0,Y,W,,✓,,CityConquered,
CityConquered_newPlayerID,Y,,CityConquered,newPlayerID,:number,1,Y,Y,,✓,,,newPlayerID
CityConquered_oldPlayerID,Y,,CityConquered,oldPlayerID,:number,2,Y,Y,,✓,,,oldPlayerID
CityConquered_newCityID,Y,,CityConquered,newCityID,:number,3,Y,Y,,✓,,,newCityID
CityConquered_iCityX,Y,,CityConquered,iCityX,:number,4,Y,Y,,✓,,,iCityX
CityConquered_iCityY,Y,,CityConquered,iCityY,:number,5,Y,Y,,✓,,,iCityY
CityDefenseStatusChanged,,Y,CityDefenseStatusChanged,,,0,X,Z,,,✓,CityDefenseStatusChanged,
CityDefenseStatusChanged_playerID,,Y,CityDefenseStatusChanged,playerID,:number,1,X,X,,,✓,,playerID
CityDefenseStatusChanged_iValue,,Y,CityDefenseStatusChanged,iValue,:number,2,X,X,,,✓,,iValue
CityFocusChanged,,Y,CityFocusChanged,,,0,Y,W,,,✓,CityFocusChanged,
CityFocusChanged_playerID,,Y,CityFocusChanged,playerID,:number,1,Y,Y,,,✓,,playerID
CityFocusChanged_cityID,,Y,CityFocusChanged,cityID,:number,2,Y,Y,,,✓,,cityID
CityInitialized,,Y,CityInitialized,,,0,X,Z,,,✓,CityInitialized,
CityInitialized_playerID,,Y,CityInitialized,playerID,:number,1,X,X,,,✓,,playerID
CityInitialized_cityID,,Y,CityInitialized,cityID,:number,2,X,X,,,✓,,cityID
CityInitialized_iX,,Y,CityInitialized,iX,:number,3,X,X,,,✓,,iX
CityInitialized_iY,,Y,CityInitialized,iY,:number,4,X,X,,,✓,,iY
CityLiberated,,Y,CityLiberated,,,0,Y,W,,,✓,CityLiberated,
CityLiberated_playerID,,Y,CityLiberated,playerID,:number,1,Y,Y,,,✓,,playerID
CityLiberated_cityID,,Y,CityLiberated,cityID,:number,2,Y,Y,,,✓,,cityID
CityLoyaltyChanged,,Y,CityLoyaltyChanged,,,0,X,Z,,,✓,CityLoyaltyChanged,
CityLoyaltyChanged_playerID,,Y,CityLoyaltyChanged,playerID,:number,1,X,X,,,✓,,playerID
CityLoyaltyChanged_cityID,,Y,CityLoyaltyChanged,cityID,:number,2,X,X,,,✓,,cityID
CityMadePurchase,,Y,CityMadePurchase,,,0,Y,W,,,✓,CityMadePurchase,
CityMadePurchase_playerID,,Y,CityMadePurchase,playerID,:number,1,Y,Y,,,✓,,playerID
CityMadePurchase_cityID,,Y,CityMadePurchase,cityID,:number,2,Y,Y,,,✓,,cityID
CityMadePurchase_iX,,Y,CityMadePurchase,iX,:number,3,Y,Y,,,✓,,iX
CityMadePurchase_iY,,Y,CityMadePurchase,iY,:number,4,Y,Y,,,✓,,iY
CityMadePurchase_purchaseType,,Y,CityMadePurchase,purchaseType,:number,5,Y,Y,,,✓,,purchaseType
CityMadePurchase_objectType,,Y,CityMadePurchase,objectType,:number,6,Y,Y,,,✓,,objectType
CityNameChanged,,Y,CityNameChanged,,,0,X,Z,,,✓,CityNameChanged,
CityNameChanged_playerID,,Y,CityNameChanged,playerID,:number,1,X,X,,,✓,,playerID
CityNameChanged_cityID,,Y,CityNameChanged,cityID,:number,2,X,X,,,✓,,cityID
CityOccupationChanged,,Y,CityOccupationChanged,,,0,Y,W,,,✓,CityOccupationChanged,
CityOccupationChanged_playerID,,Y,CityOccupationChanged,playerID,:number,1,Y,Y,,,✓,,playerID
CityOccupationChanged_cityID,,Y,CityOccupationChanged,cityID,:number,2,Y,Y,,,✓,,cityID
CityPopulationChanged,,Y,CityPopulationChanged,,,0,X,Z,,,✓,CityPopulationChanged,
CityPopulationChanged_playerID,,Y,CityPopulationChanged,playerID,:number,1,X,X,,,✓,,playerID
CityPopulationChanged_cityID,,Y,CityPopulationChanged,cityID,:number,2,X,X,,,✓,,cityID
CityPopulationChanged_cityPopulation,,Y,CityPopulationChanged,cityPopulation,:number,3,X,X,,,✓,,cityPopulation
CityProductionChanged,,Y,CityProductionChanged,,,0,Y,W,,,✓,CityProductionChanged,
CityProductionChanged_playerID,,Y,CityProductionChanged,playerID,:number,1,Y,Y,,,✓,,playerID
CityProductionChanged_cityID,,Y,CityProductionChanged,cityID,:number,2,Y,Y,,,✓,,cityID
CityProductionChanged_productionID,,Y,CityProductionChanged,productionID,:number,3,Y,Y,,,✓,,productionID
CityProductionChanged_objectID,,Y,CityProductionChanged,objectID,:number,4,Y,Y,,,✓,,objectID
CityProductionChanged_bCancelled,,Y,CityProductionChanged,bCancelled,:boolean,5,Y,Y,,,✓,,bCancelled
CityProductionCompleted,,Y,CityProductionCompleted,,,0,X,Z,,,✓,CityProductionCompleted,
CityProductionCompleted_playerID,,Y,CityProductionCompleted,playerID,:number,1,X,X,,,✓,,playerID
CityProductionCompleted_cityID,,Y,CityProductionCompleted,cityID,:number,2,X,X,,,✓,,cityID
CityProductionCompleted_iConstructionType,,Y,CityProductionCompleted,iConstructionType,:number,3,X,X,,,✓,,iConstructionType
CityProductionCompleted_unitID,,Y,CityProductionCompleted,unitID,:number,4,X,X,,,✓,,unitID
CityProductionCompleted_bCancelled,,Y,CityProductionCompleted,bCancelled,:boolean,5,X,X,,,✓,,bCancelled
CityProductionUpdated,,Y,CityProductionUpdated,,,0,Y,W,,,✓,CityProductionUpdated,
CityProductionUpdated_playerID,,Y,CityProductionUpdated,playerID,:number,1,Y,Y,,,✓,,playerID
CityProductionUpdated_cityID,,Y,CityProductionUpdated,cityID,:number,2,Y,Y,,,✓,,cityID
CityProductionUpdated_objectID,,Y,CityProductionUpdated,objectID,:number,3,Y,Y,,,✓,,objectID
CityProductionUpdated_productionID,,Y,CityProductionUpdated,productionID,:number,4,Y,Y,,,✓,,productionID
CityProjectCompleted,,Y,CityProjectCompleted,,,0,X,Z,,,✓,CityProjectCompleted,
CityProjectCompleted_playerID,,Y,CityProjectCompleted,playerID,:number,1,X,X,,,✓,,playerID
CityProjectCompleted_cityID,,Y,CityProjectCompleted,cityID,:number,2,X,X,,,✓,,cityID
CityProjectCompleted_projectID,,Y,CityProjectCompleted,projectID,:number,3,X,X,,,✓,,projectID
CityProjectCompleted_buildingIndex,,Y,CityProjectCompleted,buildingIndex,:number,4,X,X,,,✓,,buildingIndex
CityProjectCompleted_iX,,Y,CityProjectCompleted,iX,:number,5,X,X,,,✓,,iX
CityProjectCompleted_iY,,Y,CityProjectCompleted,iY,:number,6,X,X,,,✓,,iY
CityProjectCompleted_bCancelled,,Y,CityProjectCompleted,bCancelled,:boolean,7,X,X,,,✓,,bCancelled
CityReligionChanged,,Y,CityReligionChanged,,,0,Y,W,,,✓,CityReligionChanged,
CityReligionChanged_playerID,,Y,CityReligionChanged,playerID,:number,1,Y,Y,,,✓,,playerID
CityReligionChanged_cityID,,Y,CityReligionChanged,cityID,:number,2,Y,Y,,,✓,,cityID
CityReligionChanged_eVisibility,,Y,CityReligionChanged,eVisibility,:number,3,Y,Y,,,✓,,eVisibility
CityReligionChanged_city,,Y,CityReligionChanged,city,,4,Y,Y,,,✓,,city
CityReligionFollowersChanged,,Y,CityReligionFollowersChanged,,,0,X,Z,,,✓,CityReligionFollowersChanged,
CityReligionFollowersChanged_playerID,,Y,CityReligionFollowersChanged,playerID,:number,1,X,X,,,✓,,playerID
CityReligionFollowersChanged_cityID,,Y,CityReligionFollowersChanged,cityID,:number,2,X,X,,,✓,,cityID
CityReligionFollowersChanged_eVisibility,,Y,CityReligionFollowersChanged,eVisibility,:number,3,X,X,,,✓,,eVisibility
CityReligionFollowersChanged_city,,Y,CityReligionFollowersChanged,city,,4,X,X,,,✓,,city
CityRemovedFromMap,,Y,CityRemovedFromMap,,,0,Y,W,,,✓,CityRemovedFromMap,
CityRemovedFromMap_playerID,,Y,CityRemovedFromMap,playerID,:number,1,Y,Y,,,✓,,playerID
CityRemovedFromMap_cityID,,Y,CityRemovedFromMap,cityID,:number,2,Y,Y,,,✓,,cityID
CitySiegeStatusChanged,,Y,CitySiegeStatusChanged,,,0,X,Z,,,✓,CitySiegeStatusChanged,
CitySiegeStatusChanged_playerID,,Y,CitySiegeStatusChanged,playerID,:number,1,X,X,,,✓,,playerID
CitySiegeStatusChanged_cityID,,Y,CitySiegeStatusChanged,cityID,:number,2,X,X,,,✓,,cityID
CitySiegeStatusChanged_bIsBesieged,,Y,CitySiegeStatusChanged,bIsBesieged,:boolean,3,X,X,,,✓,,bIsBesieged
CityTileOwnershipChanged,,Y,CityTileOwnershipChanged,,,0,Y,W,,,✓,CityTileOwnershipChanged,
CityTileOwnershipChanged_owner,,Y,CityTileOwnershipChanged,owner,:number,1,Y,Y,,,✓,,owner
CityTileOwnershipChanged_cityID,,Y,CityTileOwnershipChanged,cityID,:number,2,Y,Y,,,✓,,cityID
CityTransfered,,Y,CityTransfered,,,0,X,Z,,,✓,CityTransfered,
CityTransfered_playerID,,Y,CityTransfered,playerID,:number,1,X,X,,,✓,,playerID
CityTransfered_cityID,,Y,CityTransfered,cityID,:number,2,X,X,,,✓,,cityID
CityUnitsChanged,,Y,CityUnitsChanged,,,0,Y,W,,,✓,CityUnitsChanged,
CityUnitsChanged_playerID,,Y,CityUnitsChanged,playerID,:number,1,Y,Y,,,✓,,playerID
CityUnitsChanged_cityID,,Y,CityUnitsChanged,cityID,:number,2,Y,Y,,,✓,,cityID
CityVisibilityChanged,,Y,CityVisibilityChanged,,,0,X,Z,,,✓,CityVisibilityChanged,
CityVisibilityChanged_playerID,,Y,CityVisibilityChanged,playerID,:number,1,X,X,,,✓,,playerID
CityVisibilityChanged_cityID,,Y,CityVisibilityChanged,cityID,:number,2,X,X,,,✓,,cityID
CityVisibilityChanged_eVisibility,,Y,CityVisibilityChanged,eVisibility,:number,3,X,X,,,✓,,eVisibility
CityWorkerChanged,,Y,CityWorkerChanged,,,0,Y,W,,,✓,CityWorkerChanged,
CityWorkerChanged_ownerPlayerID,,Y,CityWorkerChanged,ownerPlayerID,:number,1,Y,Y,,,✓,,ownerPlayerID
CityWorkerChanged_cityID,,Y,CityWorkerChanged,cityID,:number,2,Y,Y,,,✓,,cityID
CityWorkerChanged_iX,,Y,CityWorkerChanged,iX,:number,3,Y,Y,,,✓,,iX
CityWorkerChanged_iY,,Y,CityWorkerChanged,iY,:number,4,Y,Y,,,✓,,iY
CivicBoostTriggered,,Y,CivicBoostTriggered,,,0,X,Z,,,✓,CivicBoostTriggered,
CivicBoostTriggered_playerID,,Y,CivicBoostTriggered,playerID,:number,1,X,X,,,✓,,playerID
CivicBoostTriggered_iBoostedCivic,,Y,CivicBoostTriggered,iBoostedCivic,:number,2,X,X,,,✓,,iBoostedCivic
CivicBoostTriggered_iUnknownA,,Y,CivicBoostTriggered,iUnknownA,:number,3,X,X,,,✓,,iUnknownA
CivicBoostTriggered_iUnknownB,,Y,CivicBoostTriggered,iUnknownB,:number,4,X,X,,,✓,,iUnknownB
CivicChanged,,Y,CivicChanged,,,0,Y,W,,,✓,CivicChanged,
CivicChanged_ePlayer,,Y,CivicChanged,ePlayer,:number,1,Y,Y,,,✓,,ePlayer
CivicChanged_eCivic,,Y,CivicChanged,eCivic,:number,2,Y,Y,,,✓,,eCivic
CivicCompleted,,Y,CivicCompleted,,,0,X,Z,,,✓,CivicCompleted,
CivicCompleted_playerID,,Y,CivicCompleted,playerID,:number,1,X,X,,,✓,,playerID
CivicCompleted_iCivic,,Y,CivicCompleted,iCivic,:number,2,X,X,,,✓,,iCivic
CivicCompleted_bCancelled,,Y,CivicCompleted,bCancelled,:boolean,3,X,X,,,✓,,bCancelled
CivicQueueChanged,,Y,CivicQueueChanged,,,0,Y,W,,,✓,CivicQueueChanged,
CivicsUnlocked,,Y,CivicsUnlocked,,,0,X,Z,,,✓,CivicsUnlocked,
CliffAddedToMap,,Y,CliffAddedToMap,,,0,Y,W,,,✓,CliffAddedToMap,
CliffRemovedFromMap,,Y,CliffRemovedFromMap,,,0,X,Z,,,✓,CliffRemovedFromMap,
Combat,,Y,Combat,,,0,Y,W,,,✓,Combat,
Combat_combatResult,,Y,Combat,combatResult,:table,1,Y,Y,,,✓,,combatResult
CulturalIdentityCitizenConverted,,Y,CulturalIdentityCitizenConverted,,,0,X,Z,,,✓,CulturalIdentityCitizenConverted,
CulturalIdentityCityConverted,,Y,CulturalIdentityCityConverted,,,0,Y,W,,,✓,CulturalIdentityCityConverted,
CulturalIdentityCityConverted_player,,Y,CulturalIdentityCityConverted,player,:number,1,Y,Y,,,✓,,player
CulturalIdentityCityConverted_cityID,,Y,CulturalIdentityCityConverted,cityID,:number,2,Y,Y,,,✓,,cityID
CulturalIdentityCityConverted_fromPlayer,,Y,CulturalIdentityCityConverted,fromPlayer,:number,3,Y,Y,,,✓,,fromPlayer
CulturalIdentityConversionOutcomeChanged,,Y,CulturalIdentityConversionOutcomeChanged,,,0,X,Z,,,✓,CulturalIdentityConversionOutcomeChanged,
CulturalIdentityConversionOutcomeChanged_player,,Y,CulturalIdentityConversionOutcomeChanged,player,:number,1,X,X,,,✓,,player
CulturalIdentityConversionOutcomeChanged_cityID,,Y,CulturalIdentityConversionOutcomeChanged,cityID,:number,2,X,X,,,✓,,cityID
CulturalIdentityConversionOutcomeChanged_eOutcome,,Y,CulturalIdentityConversionOutcomeChanged,eOutcome,:number,3,X,X,,,✓,,eOutcome
CultureChanged,,Y,CultureChanged,,,0,Y,W,,,✓,CultureChanged,
CultureYieldChanged,,Y,CultureYieldChanged,,,0,X,Z,,,✓,CultureYieldChanged,
CultureYieldChanged_ePlayer,,Y,CultureYieldChanged,ePlayer,:number,1,X,X,,,✓,,ePlayer
DiplomacyDealEnacted,,Y,DiplomacyDealEnacted,,,0,Y,W,,,✓,DiplomacyDealEnacted,
DiplomacyDealExpired,,Y,DiplomacyDealExpired,,,0,X,Z,,,✓,DiplomacyDealExpired,
DiplomacyDeclareWar,,Y,DiplomacyDeclareWar,,,0,Y,W,,,✓,DiplomacyDeclareWar,
DiplomacyDeclareWar_firstPlayerID,,Y,DiplomacyDeclareWar,firstPlayerID,:number,1,Y,Y,,,✓,,firstPlayerID
DiplomacyDeclareWar_secondPlayerID,,Y,DiplomacyDeclareWar,secondPlayerID,:number,2,Y,Y,,,✓,,secondPlayerID
DiplomacyIncomingDeal,,Y,DiplomacyIncomingDeal,,,0,X,Z,,,✓,DiplomacyIncomingDeal,
DiplomacyIncomingDeal_eFromPlayer,,Y,DiplomacyIncomingDeal,eFromPlayer,:number,1,X,X,,,✓,,eFromPlayer
DiplomacyIncomingDeal_eToPlayer,,Y,DiplomacyIncomingDeal,eToPlayer,:number,2,X,X,,,✓,,eToPlayer
DiplomacyIncomingDeal_eAction,,Y,DiplomacyIncomingDeal,eAction,:number,3,X,X,,,✓,,eAction
DiplomacyMakePeace,,Y,DiplomacyMakePeace,,,0,Y,W,,,✓,DiplomacyMakePeace,
DiplomacyMakePeace_firstPlayerID,,Y,DiplomacyMakePeace,firstPlayerID,:number,1,Y,Y,,,✓,,firstPlayerID
DiplomacyMakePeace_secondPlayerID,,Y,DiplomacyMakePeace,secondPlayerID,:number,2,Y,Y,,,✓,,secondPlayerID
DiplomacyMeet,,Y,DiplomacyMeet,,,0,X,Z,,,✓,DiplomacyMeet,
DiplomacyMeet_player1ID,,Y,DiplomacyMeet,player1ID,:number,1,X,X,,,✓,,player1ID
DiplomacyMeet_player2ID,,Y,DiplomacyMeet,player2ID,:number,2,X,X,,,✓,,player2ID
DiplomacyMeetMajorMinor,,Y,DiplomacyMeetMajorMinor,,,0,Y,W,,,✓,DiplomacyMeetMajorMinor,
DiplomacyMeetMajors,,Y,DiplomacyMeetMajors,,,0,X,Z,,,✓,DiplomacyMeetMajors,
DiplomacyRefusePeace,,Y,DiplomacyRefusePeace,,,0,Y,W,,,✓,DiplomacyRefusePeace,
DiplomacyRefusePeace_eActingPlayer,,Y,DiplomacyRefusePeace,eActingPlayer,:number,1,Y,Y,,,✓,,eActingPlayer
DiplomacyRefusePeace_eReactingPlayer,,Y,DiplomacyRefusePeace,eReactingPlayer,:number,2,Y,Y,,,✓,,eReactingPlayer
DiplomacyRelationshipChanged,,Y,DiplomacyRelationshipChanged,,,0,X,Z,,,✓,DiplomacyRelationshipChanged,
DiplomacyRelationshipChanged_player1ID,,Y,DiplomacyRelationshipChanged,player1ID,:number,1,X,X,,,✓,,player1ID
DiplomacyRelationshipChanged_player2ID,,Y,DiplomacyRelationshipChanged,player2ID,:number,2,X,X,,,✓,,player2ID
DiplomacySessionClosed,,Y,DiplomacySessionClosed,,,0,Y,W,,,✓,DiplomacySessionClosed,
DiplomacySessionClosed_sessionID,,Y,DiplomacySessionClosed,sessionID,:number,1,Y,Y,,,✓,,sessionID
DiplomacyStatement,,Y,DiplomacyStatement,,,0,X,Z,,,✓,DiplomacyStatement,
DiplomacyStatement_eActingPlayer,,Y,DiplomacyStatement,eActingPlayer,:number,1,X,X,,,✓,,eActingPlayer
DiplomacyStatement_eReactingPlayer,,Y,DiplomacyStatement,eReactingPlayer,:number,2,X,X,,,✓,,eReactingPlayer
DiplomacyStatement_values,,Y,DiplomacyStatement,values,:table,3,X,X,,,✓,,values
DiploSurpriseDeclareWar,Y,,DiploSurpriseDeclareWar,,,0,Y,W,,✓,,DiploSurpriseDeclareWar,
DiploSurpriseDeclareWar_mainPlayer,Y,,DiploSurpriseDeclareWar,mainPlayer,:number,1,Y,Y,,✓,,,mainPlayer
DiploSurpriseDeclareWar_opponentPlayer,Y,,DiploSurpriseDeclareWar,opponentPlayer,:number,2,Y,Y,,✓,,,opponentPlayer
DistrictAddedToMap,,Y,DistrictAddedToMap,,,0,X,Z,,,✓,DistrictAddedToMap,
DistrictAddedToMap_playerID,,Y,DistrictAddedToMap,playerID,:number,1,X,X,,,✓,,playerID
DistrictAddedToMap_districtID,,Y,DistrictAddedToMap,districtID,:number,2,X,X,,,✓,,districtID
DistrictAddedToMap_cityID,,Y,DistrictAddedToMap,cityID,:number,3,X,X,,,✓,,cityID
DistrictAddedToMap_iX,,Y,DistrictAddedToMap,iX,:number,4,X,X,,,✓,,iX
DistrictAddedToMap_iY,,Y,DistrictAddedToMap,iY,:number,5,X,X,,,✓,,iY
DistrictAddedToMap_districtType,,Y,DistrictAddedToMap,districtType,:number,6,X,X,,,✓,,districtType
DistrictAddedToMap_percentComplete,,Y,DistrictAddedToMap,percentComplete,:number,7,X,X,,,✓,,percentComplete
DistrictBuildingRestore,,Y,DistrictBuildingRestore,,,0,Y,W,,,✓,DistrictBuildingRestore,
DistrictBuildProgressChanged,,Y,DistrictBuildProgressChanged,,,0,X,Z,,,✓,DistrictBuildProgressChanged,
DistrictBuildProgressChanged_playerID,,Y,DistrictBuildProgressChanged,playerID,:number,1,X,X,,,✓,,playerID
DistrictBuildProgressChanged_districtID,,Y,DistrictBuildProgressChanged,districtID,:number,2,X,X,,,✓,,districtID
DistrictBuildProgressChanged_cityID,,Y,DistrictBuildProgressChanged,cityID,:number,3,X,X,,,✓,,cityID
DistrictBuildProgressChanged_iX,,Y,DistrictBuildProgressChanged,iX,:number,4,X,X,,,✓,,iX
DistrictBuildProgressChanged_iY,,Y,DistrictBuildProgressChanged,iY,:number,5,X,X,,,✓,,iY
DistrictBuildProgressChanged_districtType,,Y,DistrictBuildProgressChanged,districtType,:number,6,X,X,,,✓,,districtType
DistrictBuildProgressChanged_era,,Y,DistrictBuildProgressChanged,era,:number,7,X,X,,,✓,,era
DistrictBuildProgressChanged_civilization,,Y,DistrictBuildProgressChanged,civilization,:number,8,X,X,,,✓,,civilization
DistrictBuildProgressChanged_percentComplete,,Y,DistrictBuildProgressChanged,percentComplete,:number,9,X,X,,,✓,,percentComplete
DistrictBuildProgressChanged_iAppeal,,Y,DistrictBuildProgressChanged,iAppeal,:number,10,X,X,,,✓,,iAppeal
DistrictBuildProgressChanged_isPillaged,,Y,DistrictBuildProgressChanged,isPillaged,:number,11,X,X,,,✓,,isPillaged
DistrictCombatChanged,,Y,DistrictCombatChanged,,,0,Y,W,,,✓,DistrictCombatChanged,
DistrictCombatChanged_eventSubType,,Y,DistrictCombatChanged,eventSubType,:number,1,Y,Y,,,✓,,eventSubType
DistrictCombatChanged_playerID,,Y,DistrictCombatChanged,playerID,:number,2,Y,Y,,,✓,,playerID
DistrictCombatChanged_districtID,,Y,DistrictCombatChanged,districtID,:number,3,Y,Y,,,✓,,districtID
DistrictDamageChanged,,Y,DistrictDamageChanged,,,0,X,Z,,,✓,DistrictDamageChanged,
DistrictDamageChanged_playerID,,Y,DistrictDamageChanged,playerID,:number,1,X,X,,,✓,,playerID
DistrictDamageChanged_districtID,,Y,DistrictDamageChanged,districtID,:number,2,X,X,,,✓,,districtID
DistrictDamageChanged_damageType,,Y,DistrictDamageChanged,damageType,:number,3,X,X,,,✓,,damageType
DistrictDamageChanged_newDamage,,Y,DistrictDamageChanged,newDamage,:number,4,X,X,,,✓,,newDamage
DistrictDamageChanged_oldDamage,,Y,DistrictDamageChanged,oldDamage,:number,5,X,X,,,✓,,oldDamage
DistrictPillaged,,Y,DistrictPillaged,,,0,Y,W,,,✓,DistrictPillaged,
DistrictPillaged_owner,,Y,DistrictPillaged,owner,:number,1,Y,Y,,,✓,,owner
DistrictPillaged_districtID,,Y,DistrictPillaged,districtID,:number,2,Y,Y,,,✓,,districtID
DistrictPillaged_cityID,,Y,DistrictPillaged,cityID,:number,3,Y,Y,,,✓,,cityID
DistrictPillaged_iX,,Y,DistrictPillaged,iX,:number,4,Y,Y,,,✓,,iX
DistrictPillaged_iY,,Y,DistrictPillaged,iY,:number,5,Y,Y,,,✓,,iY
DistrictPillaged_districtType,,Y,DistrictPillaged,districtType,:number,6,Y,Y,,,✓,,districtType
DistrictPillaged_percentComplete,,Y,DistrictPillaged,percentComplete,:number,7,Y,Y,,,✓,,percentComplete
DistrictPillaged_isPillaged,,Y,DistrictPillaged,isPillaged,:number,8,Y,Y,,,✓,,isPillaged
DistrictRemovedFromMap,,Y,DistrictRemovedFromMap,,,0,X,Z,,,✓,DistrictRemovedFromMap,
DistrictRemovedFromMap_playerID,,Y,DistrictRemovedFromMap,playerID,:number,1,X,X,,,✓,,playerID
DistrictRemovedFromMap_districtID,,Y,DistrictRemovedFromMap,districtID,:number,2,X,X,,,✓,,districtID
DistrictUnitsChanged,,Y,DistrictUnitsChanged,,,0,Y,W,,,✓,DistrictUnitsChanged,
DistrictUnitsChanged_playerID,,Y,DistrictUnitsChanged,playerID,:number,1,Y,Y,,,✓,,playerID
DistrictUnitsChanged_districtID,,Y,DistrictUnitsChanged,districtID,:number,2,Y,Y,,,✓,,districtID
DistrictVisibilityChanged,,Y,DistrictVisibilityChanged,,,0,X,Z,,,✓,DistrictVisibilityChanged,
DistrictVisibilityChanged_playerID,,Y,DistrictVisibilityChanged,playerID,:number,1,X,X,,,✓,,playerID
DistrictVisibilityChanged_districtID,,Y,DistrictVisibilityChanged,districtID,:number,2,X,X,,,✓,,districtID
DistrictVisibilityChanged_eVisibility,,Y,DistrictVisibilityChanged,eVisibility,:number,3,X,X,,,✓,,eVisibility
EmergenciesUpdated,,Y,EmergenciesUpdated,,,0,Y,W,,,✓,EmergenciesUpdated,
EmergencyAvailable,,Y,EmergencyAvailable,,,0,X,Z,,,✓,EmergencyAvailable,
EmergencyAvailable_playerTarget,,Y,EmergencyAvailable,playerTarget,:number,1,X,X,,,✓,,playerTarget
EmergencyAvailable_emergencyType,,Y,EmergencyAvailable,emergencyType,:number,2,X,X,,,✓,,emergencyType
EmergencyAvailableParticipant,,Y,EmergencyAvailableParticipant,,,0,Y,W,,,✓,EmergencyAvailableParticipant,
EmergencyCompleted,,Y,EmergencyCompleted,,,0,X,Z,,,✓,EmergencyCompleted,
EmergencyCompleted_playerID,,Y,EmergencyCompleted,playerID,:number,1,X,X,,,✓,,playerID
EmergencyCompleted_eTargetPlayer,,Y,EmergencyCompleted,eTargetPlayer,:number,2,X,X,,,✓,,eTargetPlayer
EmergencyCompleted_iTurn,,Y,EmergencyCompleted,iTurn,:number,3,X,X,,,✓,,iTurn
EmergencyCompleteParticipants,,Y,EmergencyCompleteParticipants,,,0,Y,W,,,✓,EmergencyCompleteParticipants,
EmergencyRejected,,Y,EmergencyRejected,,,0,X,Z,,,✓,EmergencyRejected,
EmergencyStarted,,Y,EmergencyStarted,,,0,Y,W,,,✓,EmergencyStarted,
EmergencyStarted_playerID,,Y,EmergencyStarted,playerID,:number,1,Y,Y,,,✓,,playerID
EmergencyStarted_eTargetPlayer,,Y,EmergencyStarted,eTargetPlayer,:number,2,Y,Y,,,✓,,eTargetPlayer
EmergencyStarted_iTurn,,Y,EmergencyStarted,iTurn,:number,3,Y,Y,,,✓,,iTurn
EndTurnBlockingChanged,,Y,EndTurnBlockingChanged,,,0,X,Z,,,✓,EndTurnBlockingChanged,
EndTurnBlockingChanged_ePrevEndTurnBlockingType,,Y,EndTurnBlockingChanged,ePrevEndTurnBlockingType,:number,1,X,X,,,✓,,ePrevEndTurnBlockingType
EndTurnBlockingChanged_eNewEndTurnBlockingType,,Y,EndTurnBlockingChanged,eNewEndTurnBlockingType,:number,2,X,X,,,✓,,eNewEndTurnBlockingType
EndTurnDirty,,Y,EndTurnDirty,,,0,Y,W,,,✓,EndTurnDirty,
EndWonderReveal,,Y,EndWonderReveal,,,0,X,Z,,,✓,EndWonderReveal,
EventPopupChoice,Y,,EventPopupChoice,,,0,Y,W,,✓,,EventPopupChoice,
EventPopupChoice_playerID,Y,,EventPopupChoice,playerID,:number,1,Y,Y,,✓,,,playerID
EventPopupChoice_tParameters,Y,,EventPopupChoice,tParameters,:table,2,Y,Y,,✓,,,tParameters
EventPopupRequest,,Y,EventPopupRequest,,,0,X,Z,,,✓,EventPopupRequest,
EventSoundRequest,,Y,EventSoundRequest,,,0,Y,W,,,✓,EventSoundRequest,
FaithChanged,,Y,FaithChanged,,,0,X,Z,,,✓,FaithChanged,
FaithChanged_playerID,,Y,FaithChanged,playerID,:number,1,X,X,,,✓,,playerID
FaithChanged_yield,,Y,FaithChanged,yield,:number,2,X,X,,,✓,,yield
FaithChanged_balance,,Y,FaithChanged,balance,:number,3,X,X,,,✓,,balance
FeatureAddedToMap,,Y,FeatureAddedToMap,,,0,Y,W,,,✓,FeatureAddedToMap,
FeatureChanged,,Y,FeatureChanged,,,0,X,Z,,,✓,FeatureChanged,
FeatureRemovedFromMap,,Y,FeatureRemovedFromMap,,,0,Y,W,,,✓,FeatureRemovedFromMap,
FeatureVisibilityChanged,,Y,FeatureVisibilityChanged,,,0,X,Z,,,✓,FeatureVisibilityChanged,
FoundNewWorld,Y,,FoundNewWorld,,,0,Y,W,,✓,,FoundNewWorld,
FoundNewWorld_playerID,Y,,FoundNewWorld,playerID,:number,1,Y,Y,,✓,,,playerID
FoundNewWorld_Threshold,Y,,FoundNewWorld,Threshold,:number,2,Y,Y,,✓,,,Threshold
GameEraChanged,,Y,GameEraChanged,,,0,X,Z,,,✓,GameEraChanged,
GameEraChanged_previousEra,,Y,GameEraChanged,previousEra,:number,1,X,X,,,✓,,previousEra
GameEraChanged_newEra,,Y,GameEraChanged,newEra,:number,2,X,X,,,✓,,newEra
GameHistoryMomentRecorded,,Y,GameHistoryMomentRecorded,,,0,Y,W,,,✓,GameHistoryMomentRecorded,
GameHistoryMomentRecorded_momentIndex,,Y,GameHistoryMomentRecorded,momentIndex,:number,1,Y,Y,,,✓,,momentIndex
GameHistoryMomentRecorded_iUnknown,,Y,GameHistoryMomentRecorded,iUnknown,:number,2,Y,Y,,,✓,,iUnknown
GoodyHutReward,,Y,GoodyHutReward,,,0,X,Z,,,✓,GoodyHutReward,
GoodyHutReward_playerID,,Y,GoodyHutReward,playerID,:number,1,X,X,,,✓,,playerID
GoodyHutReward_unitID,,Y,GoodyHutReward,unitID,:number,2,X,X,,,✓,,unitID
GoodyHutReward_iUnknown1,,Y,GoodyHutReward,iUnknown1,:number,3,X,X,,,✓,,iUnknown1
GoodyHutReward_iUnknown2,,Y,GoodyHutReward,iUnknown2,:number,4,X,X,,,✓,,iUnknown2
GovDistrictPolicyLocked,,Y,GovDistrictPolicyLocked,,,0,Y,W,,,✓,GovDistrictPolicyLocked,
GovDistrictPolicyUnlocked,,Y,GovDistrictPolicyUnlocked,,,0,X,Z,,,✓,GovDistrictPolicyUnlocked,
GovDistrictPolicyUnlocked_player,,Y,GovDistrictPolicyUnlocked,player,:number,1,X,X,,,✓,,player
GovDistrictPolicyUnlocked_policyType,,Y,GovDistrictPolicyUnlocked,policyType,:number,2,X,X,,,✓,,policyType
GovernmentChanged,,Y,GovernmentChanged,,,0,Y,W,,,✓,GovernmentChanged,
GovernmentChanged_playerID,,Y,GovernmentChanged,playerID,:number,1,Y,Y,,,✓,,playerID
GovernmentChanged_governmentID,,Y,GovernmentChanged,governmentID,:number,2,Y,Y,,,✓,,governmentID
GovernmentPolicyChanged,,Y,GovernmentPolicyChanged,,,0,X,Z,,,✓,GovernmentPolicyChanged,
GovernmentPolicyChanged_playerID,,Y,GovernmentPolicyChanged,playerID,:number,1,X,X,,,✓,,playerID
GovernmentPolicyChanged_policyID,,Y,GovernmentPolicyChanged,policyID,:number,2,X,X,,,✓,,policyID
GovernmentPolicyObsoleted,,Y,GovernmentPolicyObsoleted,,,0,Y,W,,,✓,GovernmentPolicyObsoleted,
GovernmentPolicyObsoleted_ePlayer,,Y,GovernmentPolicyObsoleted,ePlayer,:number,1,Y,Y,,,✓,,ePlayer
GovernorAppointed,,Y,GovernorAppointed,,,0,X,Z,,,✓,GovernorAppointed,
GovernorAppointed_playerID,,Y,GovernorAppointed,playerID,:number,1,X,X,,,✓,,playerID
GovernorAppointed_governorID,,Y,GovernorAppointed,governorID,:number,2,X,X,,,✓,,governorID
GovernorAssigned,,Y,GovernorAssigned,,,0,Y,W,,,✓,GovernorAssigned,
GovernorAssigned_cityOwner,,Y,GovernorAssigned,cityOwner,:number,1,Y,Y,,,✓,,cityOwner
GovernorAssigned_cityID,,Y,GovernorAssigned,cityID,:number,2,Y,Y,,,✓,,cityID
GovernorAssigned_governorOwner,,Y,GovernorAssigned,governorOwner,:number,3,Y,Y,,,✓,,governorOwner
GovernorAssigned_governorType,,Y,GovernorAssigned,governorType,:number,4,Y,Y,,,✓,,governorType
GovernorChanged,,Y,GovernorChanged,,,0,X,Z,,,✓,GovernorChanged,
GovernorChanged_playerID,,Y,GovernorChanged,playerID,:number,1,X,X,,,✓,,playerID
GovernorChanged_governorID,,Y,GovernorChanged,governorID,:number,2,X,X,,,✓,,governorID
GovernorEstablished,,Y,GovernorEstablished,,,0,Y,W,,,✓,GovernorEstablished,
GovernorPointsChanged,,Y,GovernorPointsChanged,,,0,X,Z,,,✓,GovernorPointsChanged,
GovernorPointsChanged_player,,Y,GovernorPointsChanged,player,:number,1,X,X,,,✓,,player
GovernorPointsChanged_iDelta,,Y,GovernorPointsChanged,iDelta,:number,2,X,X,,,✓,,iDelta
GovernorPromoted,,Y,GovernorPromoted,,,0,Y,W,,,✓,GovernorPromoted,
GovernorPromoted_ePlayer,,Y,GovernorPromoted,ePlayer,:number,1,Y,Y,,,✓,,ePlayer
GovernorPromoted_eGovernor,,Y,GovernorPromoted,eGovernor,:number,2,Y,Y,,,✓,,eGovernor
GovernorPromoted_ePromotion,,Y,GovernorPromoted,ePromotion,:number,3,Y,Y,,,✓,,ePromotion
GreatPeoplePointsChanged,,Y,GreatPeoplePointsChanged,,,0,X,Z,,,✓,GreatPeoplePointsChanged,
GreatPeoplePointsChanged_playerID,,Y,GreatPeoplePointsChanged,playerID,:number,1,X,X,,,✓,,playerID
GreatPeopleTimelineChanged,,Y,GreatPeopleTimelineChanged,,,0,Y,W,,,✓,GreatPeopleTimelineChanged,
GreatWorkCreated,,Y,GreatWorkCreated,,,0,X,Z,,,✓,GreatWorkCreated,
GreatWorkCreated_playerID,,Y,GreatWorkCreated,playerID,:number,1,X,X,,,✓,,playerID
GreatWorkCreated_unitID,,Y,GreatWorkCreated,unitID,:number,2,X,X,,,✓,,unitID
GreatWorkCreated_iCityPlotX,,Y,GreatWorkCreated,iCityPlotX,:number,3,X,X,,,✓,,iCityPlotX
GreatWorkCreated_iCityPlotY,,Y,GreatWorkCreated,iCityPlotY,:number,4,X,X,,,✓,,iCityPlotY
GreatWorkCreated_buildingID,,Y,GreatWorkCreated,buildingID,:number,5,X,X,,,✓,,buildingID
GreatWorkCreated_greatWorkID,,Y,GreatWorkCreated,greatWorkID,:number,6,X,X,,,✓,,greatWorkID
GreatWorkMoved,,Y,GreatWorkMoved,,,0,Y,W,,,✓,GreatWorkMoved,
GreatWorkMoved_fromCityOwner,,Y,GreatWorkMoved,fromCityOwner,:number,1,Y,Y,,,✓,,fromCityOwner
GreatWorkMoved_fromCityID,,Y,GreatWorkMoved,fromCityID,:number,2,Y,Y,,,✓,,fromCityID
GreatWorkMoved_toCityOwner,,Y,GreatWorkMoved,toCityOwner,:number,3,Y,Y,,,✓,,toCityOwner
GreatWorkMoved_toCityID,,Y,GreatWorkMoved,toCityID,:number,4,Y,Y,,,✓,,toCityID
GreatWorkMoved_buildingID,,Y,GreatWorkMoved,buildingID,:number,5,Y,Y,,,✓,,buildingID
GreatWorkMoved_greatWorkType,,Y,GreatWorkMoved,greatWorkType,:number,6,Y,Y,,,✓,,greatWorkType
HasFourCities,Y,,HasFourCities,,,0,X,Z,,✓,,HasFourCities,
HasFourCities_playerID,Y,,HasFourCities,playerID,:number,1,X,X,,✓,,,playerID
HasFourCities_Threshold,Y,,HasFourCities,Threshold,:number,2,X,X,,✓,,,Threshold
ImprovementActivated,,Y,ImprovementActivated,,,0,Y,W,,,✓,ImprovementActivated,
ImprovementActivated_iX,,Y,ImprovementActivated,iX,:number,1,Y,Y,,,✓,,iX
ImprovementActivated_iY,,Y,ImprovementActivated,iY,:number,2,Y,Y,,,✓,,iY
ImprovementActivated_unitOwner,,Y,ImprovementActivated,unitOwner,:number,3,Y,Y,,,✓,,unitOwner
ImprovementActivated_unitID,,Y,ImprovementActivated,unitID,:number,4,Y,Y,,,✓,,unitID
ImprovementActivated_improvementType,,Y,ImprovementActivated,improvementType,:number,5,Y,Y,,,✓,,improvementType
ImprovementActivated_improvementOwner,,Y,ImprovementActivated,improvementOwner,:number,6,Y,Y,,,✓,,improvementOwner
ImprovementActivated_activationType,,Y,ImprovementActivated,activationType,:number,7,Y,Y,,,✓,,activationType
ImprovementAddedToMap,,Y,ImprovementAddedToMap,,,0,X,Z,,,✓,ImprovementAddedToMap,
ImprovementAddedToMap_iX,,Y,ImprovementAddedToMap,iX,:number,1,X,X,,,✓,,iX
ImprovementAddedToMap_iY,,Y,ImprovementAddedToMap,iY,:number,2,X,X,,,✓,,iY
ImprovementAddedToMap_eImprovement,,Y,ImprovementAddedToMap,eImprovement,:number,3,X,X,,,✓,,eImprovement
ImprovementAddedToMap_playerID,,Y,ImprovementAddedToMap,playerID,:number,4,X,X,,,✓,,playerID
ImprovementChanged,,Y,ImprovementChanged,,,0,Y,W,,,✓,ImprovementChanged,
ImprovementChanged_iX,,Y,ImprovementChanged,iX,:number,1,Y,Y,,,✓,,iX
ImprovementChanged_iY,,Y,ImprovementChanged,iY,:number,2,Y,Y,,,✓,,iY
ImprovementChanged_improvementType,,Y,ImprovementChanged,improvementType,:number,3,Y,Y,,,✓,,improvementType
ImprovementChanged_improvementOwner,,Y,ImprovementChanged,improvementOwner,:number,4,Y,Y,,,✓,,improvementOwner
ImprovementChanged_resource,,Y,ImprovementChanged,resource,:number,5,Y,Y,,,✓,,resource
ImprovementChanged_isPillaged,,Y,ImprovementChanged,isPillaged,:boolean,6,Y,Y,,,✓,,isPillaged
ImprovementChanged_isWorked,,Y,ImprovementChanged,isWorked,:boolean,7,Y,Y,,,✓,,isWorked
ImprovementOwnershipChanged,,Y,ImprovementOwnershipChanged,,,0,X,Z,,,✓,ImprovementOwnershipChanged,
ImprovementRemovedFromMap,,Y,ImprovementRemovedFromMap,,,0,Y,W,,,✓,ImprovementRemovedFromMap,
ImprovementRemovedFromMap_iX,,Y,ImprovementRemovedFromMap,iX,:number,1,Y,Y,,,✓,,iX
ImprovementRemovedFromMap_iY,,Y,ImprovementRemovedFromMap,iY,:number,2,Y,Y,,,✓,,iY
ImprovementRemovedFromMap_eOwner,,Y,ImprovementRemovedFromMap,eOwner,:number,3,Y,Y,,,✓,,eOwner
ImprovementVisibilityChanged,,Y,ImprovementVisibilityChanged,,,0,X,Z,,,✓,ImprovementVisibilityChanged,
ImprovementVisibilityChanged_iX,,Y,ImprovementVisibilityChanged,iX,:number,1,X,X,,,✓,,iX
ImprovementVisibilityChanged_iY,,Y,ImprovementVisibilityChanged,iY,:number,2,X,X,,,✓,,iY
ImprovementVisibilityChanged_eImprovementType,,Y,ImprovementVisibilityChanged,eImprovementType,:number,3,X,X,,,✓,,eImprovementType
ImprovementVisibilityChanged_eVisibility,,Y,ImprovementVisibilityChanged,eVisibility,:number,4,X,X,,,✓,,eVisibility
InfluenceChanged,,Y,InfluenceChanged,,,0,Y,W,,,✓,InfluenceChanged,
InfluenceGiven,,Y,InfluenceGiven,,,0,X,Z,,,✓,InfluenceGiven,
InfluenceGiven_citystateID,,Y,InfluenceGiven,citystateID,:number,1,X,X,,,✓,,citystateID
InfluenceGiven_playerID,,Y,InfluenceGiven,playerID,:number,2,X,X,,,✓,,playerID
LevyCounterChanged,,Y,LevyCounterChanged,,,0,Y,W,,,✓,LevyCounterChanged,
LevyCounterChanged_originalOwnerID,,Y,LevyCounterChanged,originalOwnerID,:number,1,Y,Y,,,✓,,originalOwnerID
LocalPlayerChanged,,Y,LocalPlayerChanged,,,0,X,Z,,,✓,LocalPlayerChanged,
LocalPlayerChanged_localPlayerID,,Y,LocalPlayerChanged,localPlayerID,:number,1,X,X,,,✓,,localPlayerID
LocalPlayerChanged_prevLocalPlayerID,,Y,LocalPlayerChanged,prevLocalPlayerID,:number,2,X,X,,,✓,,prevLocalPlayerID
LocalPlayerTurnBegin,,Y,LocalPlayerTurnBegin,,,0,Y,W,,,✓,LocalPlayerTurnBegin,
LocalPlayerTurnEnd,,Y,LocalPlayerTurnEnd,,,0,X,Z,,,✓,LocalPlayerTurnEnd,
LocalPlayerTurnUnready,,Y,LocalPlayerTurnUnready,,,0,Y,W,,,✓,LocalPlayerTurnUnready,
MapYieldsChanged,,Y,MapYieldsChanged,,,0,X,Z,,,✓,MapYieldsChanged,
NationalParkAdded,,Y,NationalParkAdded,,,0,Y,W,,,✓,NationalParkAdded,
NationalParkRemoved,,Y,NationalParkRemoved,,,0,X,Z,,,✓,NationalParkRemoved,
NationalParkVisibilityChanged,,Y,NationalParkVisibilityChanged,,,0,Y,W,,,✓,NationalParkVisibilityChanged,
NaturalWonderRevealed,,Y,NaturalWonderRevealed,,,0,X,Z,,,✓,NaturalWonderRevealed,
NaturalWonderRevealed_iX,,Y,NaturalWonderRevealed,iX,:number,1,X,X,,,✓,,iX
NaturalWonderRevealed_iY,,Y,NaturalWonderRevealed,iY,:number,2,X,X,,,✓,,iY
NaturalWonderRevealed_eFeature,,Y,NaturalWonderRevealed,eFeature,:number,3,X,X,,,✓,,eFeature
NaturalWonderRevealed_bIsFirstToFind,,Y,NaturalWonderRevealed,bIsFirstToFind,:boolean,4,X,X,,,✓,,bIsFirstToFind
NotificationActivated,,Y,NotificationActivated,,,0,Y,W,,,✓,NotificationActivated,
NotificationActivated_playerID,,Y,NotificationActivated,playerID,:number,1,Y,Y,,,✓,,playerID
NotificationActivated_notificationID,,Y,NotificationActivated,notificationID,:number,2,Y,Y,,,✓,,notificationID
NotificationActivated_bActivatedByUser,,Y,NotificationActivated,bActivatedByUser,:boolean,3,Y,Y,,,✓,,bActivatedByUser
NotificationAdded,,Y,NotificationAdded,,,0,X,Z,,,✓,NotificationAdded,
NotificationAdded_playerID,,Y,NotificationAdded,playerID,:number,1,X,X,,,✓,,playerID
NotificationAdded_notificationID,,Y,NotificationAdded,notificationID,:number,2,X,X,,,✓,,notificationID
NotificationDismissed,,Y,NotificationDismissed,,,0,Y,W,,,✓,NotificationDismissed,
NotificationDismissed_playerID,,Y,NotificationDismissed,playerID,:number,1,Y,Y,,,✓,,playerID
NotificationDismissed_notificationID,,Y,NotificationDismissed,notificationID,:number,2,Y,Y,,,✓,,notificationID
NotificationRefreshRequested,,Y,NotificationRefreshRequested,,,0,X,Z,,,✓,NotificationRefreshRequested,
ObjectPairing,,Y,ObjectPairing,,,0,Y,W,,,✓,ObjectPairing,
ObjectPairing_eSubType,,Y,ObjectPairing,eSubType,:number,1,Y,Y,,,✓,,eSubType
ObjectPairing_parentOwner,,Y,ObjectPairing,parentOwner,:number,2,Y,Y,,,✓,,parentOwner
ObjectPairing_parentType,,Y,ObjectPairing,parentType,:number,3,Y,Y,,,✓,,parentType
ObjectPairing_parentID,,Y,ObjectPairing,parentID,:number,4,Y,Y,,,✓,,parentID
ObjectPairing_childOwner,,Y,ObjectPairing,childOwner,:number,5,Y,Y,,,✓,,childOwner
ObjectPairing_childType,,Y,ObjectPairing,childType,:number,6,Y,Y,,,✓,,childType
ObjectPairing_childID,,Y,ObjectPairing,childID,:number,7,Y,Y,,,✓,,childID
OnAiAdvisorUpdated,,Y,OnAiAdvisorUpdated,,,0,X,Z,,,✓,OnAiAdvisorUpdated,
OnCityPopulationChanged,Y,,OnCityPopulationChanged,,,0,Y,W,,✓,,OnCityPopulationChanged,
OnCityPopulationChanged_cityOwner,Y,,OnCityPopulationChanged,cityOwner,:number,1,Y,Y,,✓,,,cityOwner
OnCityPopulationChanged_cityID,Y,,OnCityPopulationChanged,cityID,:number,2,Y,Y,,✓,,,cityID
OnCityPopulationChanged_ChangeAmount,Y,,OnCityPopulationChanged,ChangeAmount,:number,3,Y,Y,,✓,,,ChangeAmount
OnCivicCulturevated,Y,,OnCivicCulturevated,,,0,X,Z,,✓,,OnCivicCulturevated,
OnCivicCulturevated_iPlayer,Y,,OnCivicCulturevated,iPlayer,:number,1,X,X,,✓,,,iPlayer
OnCivicCulturevated_eCivic,Y,,OnCivicCulturevated,eCivic,:number,2,X,X,,✓,,,eCivic
OnDistrictConstructed,Y,,OnDistrictConstructed,,,0,Y,W,,✓,,OnDistrictConstructed,
OnDistrictConstructed_playerID,Y,,OnDistrictConstructed,playerID,:number,1,Y,Y,,✓,,,playerID
OnDistrictConstructed_districtID,Y,,OnDistrictConstructed,districtID,:number,2,Y,Y,,✓,,,districtID
OnDistrictConstructed_iX,Y,,OnDistrictConstructed,iX,:number,3,Y,Y,,✓,,,iX
OnDistrictConstructed_iY,Y,,OnDistrictConstructed,iY,:number,4,Y,Y,,✓,,,iY
OnFaithEarned,Y,,OnFaithEarned,,,0,X,Z,,✓,,OnFaithEarned,
OnFaithEarned_ePlayer,Y,,OnFaithEarned,ePlayer,:number,1,X,X,,✓,,,ePlayer
OnFaithEarned_iFaithAmount,Y,,OnFaithEarned,iFaithAmount,:number,2,X,X,,✓,,,iFaithAmount
OnGameTurnStarted,Y,,OnGameTurnStarted,,,0,Y,W,,✓,,OnGameTurnStarted,
OnGameTurnStarted_playerID,Y,,OnGameTurnStarted,playerID,:number,1,Y,Y,,✓,,,turn
UnitGreatPersonActivated,,Y,UnitGreatPersonActivated,,,0,X,Z,,,✓,UnitGreatPersonActivated,
UnitGreatPersonActivated_unitOwner,,Y,UnitGreatPersonActivated,unitOwner,:number,1,X,X,,,✓,,unitOwner
UnitGreatPersonActivated_unitID,,Y,UnitGreatPersonActivated,unitID,:number,2,X,X,,,✓,,unitID
UnitGreatPersonActivated_greatPersonClassID,,Y,UnitGreatPersonActivated,greatPersonClassID,:number,3,X,X,,,✓,,greatPersonClassID
UnitGreatPersonActivated_greatPersonIndividualID,,Y,UnitGreatPersonActivated,greatPersonIndividualID,:number,4,X,X,,,✓,,greatPersonIndividualID
OnNewMajorityReligion,Y,,OnNewMajorityReligion,,,0,Y,W,,✓,,OnNewMajorityReligion,
OnPillage,Y,,OnPillage,,,0,X,Z,,✓,,OnPillage,
OnPillage_playerID,Y,,OnPillage,playerID,:number,1,X,X,,✓,,,playerID
OnPillage_unitID,Y,,OnPillage,unitID,:number,2,X,X,,✓,,,unitID
OnPillage_bImprovement,Y,,OnPillage,bImprovement,:boolean,3,X,X,,✓,,,bImprovement
OnPillage_buildingType,Y,,OnPillage,buildingType,:number,4,X,X,,✓,,,buildingType
OnPlayerCommandSetObjectState,Y,,OnPlayerCommandSetObjectState,,,0,Y,W,,✓,,OnPlayerCommandSetObjectState,
OnPlayerCommandSetObjectState_playerID,Y,,OnPlayerCommandSetObjectState,playerID,:number,1,Y,Y,,✓,,,playerID
OnPlayerCommandSetObjectState_tParameters,Y,,OnPlayerCommandSetObjectState,tParameters,:table,2,Y,Y,,✓,,,tParameters
OnPlayerGaveInfluenceToken,Y,,OnPlayerGaveInfluenceToken,,,0,X,Z,,✓,,OnPlayerGaveInfluenceToken,
OnPlayerGaveInfluenceToken_majorID,Y,,OnPlayerGaveInfluenceToken,majorID,:number,1,X,X,,✓,,,majorID
OnPlayerGaveInfluenceToken_minorID,Y,,OnPlayerGaveInfluenceToken,minorID,:number,2,X,X,,✓,,,minorID
OnPlayerGaveInfluenceToken_iAmount,Y,,OnPlayerGaveInfluenceToken,iAmount,:number,3,X,X,,✓,,,iAmount
OnRandomEventOccurred,Y,,OnRandomEventOccurred,,,0,Y,W,,✓,,OnRandomEventOccurred,
OnRandomEventOccurred_iType,Y,,OnRandomEventOccurred,iType,:number,1,Y,Y,,✓,,,iType
OnRandomEventOccurred_iSeverity,Y,,OnRandomEventOccurred,iSeverity,:number,2,Y,Y,,✓,,,iSeverity
OnRandomEventOccurred_iX,Y,,OnRandomEventOccurred,iX,:number,3,Y,Y,,✓,,,iX
OnRandomEventOccurred_iY,Y,,OnRandomEventOccurred,iY,:number,4,Y,Y,,✓,,,iY
OnRandomEventOccurred_iMitigationLevel,Y,,OnRandomEventOccurred,iMitigationLevel,:number,5,Y,Y,,✓,,,iMitigationLevel
OnUnitRetreated,Y,,OnUnitRetreated,,,0,X,Z,,✓,,OnUnitRetreated,
OnUnitRetreated_unitOwner,Y,,OnUnitRetreated,unitOwner,:number,1,X,X,,✓,,,unitOwner
OnUnitRetreated_unitID,Y,,OnUnitRetreated,unitID,:number,2,X,X,,✓,,,unitID
PantheonFounded,,Y,PantheonFounded,,,0,Y,W,,,✓,PantheonFounded,
PantheonFounded_ePlayer,,Y,PantheonFounded,ePlayer,:number,1,Y,Y,,,✓,,ePlayer
PhaseBegin,,Y,PhaseBegin,,,0,X,Z,,,✓,PhaseBegin,
PhaseEnd,,Y,PhaseEnd,,,0,Y,W,,,✓,PhaseEnd,
PlayerAgeChanged,,Y,PlayerAgeChanged,,,0,X,Z,,,✓,PlayerAgeChanged,
PlayerAgeChanged_playerID,,Y,PlayerAgeChanged,playerID,:number,1,X,X,,,✓,,playerID
PlayerBordersChanged,,Y,PlayerBordersChanged,,,0,Y,W,,,✓,PlayerBordersChanged,
PlayerDarkAgeChanged,,Y,PlayerDarkAgeChanged,,,0,X,Z,,,✓,PlayerDarkAgeChanged,
PlayerDarkAgeChanged_playerID,,Y,PlayerDarkAgeChanged,playerID,:number,1,X,X,,,✓,,playerID
PlayerDefeat,,Y,PlayerDefeat,,,0,Y,W,,,✓,PlayerDefeat,
PlayerDefeat_playerID,,Y,PlayerDefeat,playerID,:number,1,Y,Y,,,✓,,playerID
PlayerDefeat_defeatType,,Y,PlayerDefeat,defeatType,:number,2,Y,Y,,,✓,,defeatType
PlayerDefeat_eventID,,Y,PlayerDefeat,eventID,:number,3,Y,Y,,,✓,,eventID
PlayerDestroyed,,Y,PlayerDestroyed,,,0,X,Z,,,✓,PlayerDestroyed,
PlayerEraChanged,,Y,PlayerEraChanged,,,0,Y,W,,,✓,PlayerEraChanged,
PlayerEraChanged_playerID,,Y,PlayerEraChanged,playerID,:number,1,Y,Y,,,✓,,playerID
PlayerEraChanged_eraID,,Y,PlayerEraChanged,eraID,:number,2,Y,Y,,,✓,,eraID
PlayerEraScoreChanged,,Y,PlayerEraScoreChanged,,,0,X,Z,,,✓,PlayerEraScoreChanged,
PlayerEraScoreChanged_playerID,,Y,PlayerEraScoreChanged,playerID,:number,1,X,X,,,✓,,playerID
PlayerEraScoreChanged_amountAwarded,,Y,PlayerEraScoreChanged,amountAwarded,:number,2,X,X,,,✓,,amountAwarded
PlayerEraTransitionBegins,,Y,PlayerEraTransitionBegins,,,0,Y,W,,,✓,PlayerEraTransitionBegins,
PlayerEraTransitionBegins_playerID,,Y,PlayerEraTransitionBegins,playerID,:number,1,Y,Y,,,✓,,playerID
PlayerOperationComplete,,Y,PlayerOperationComplete,,,0,X,Z,,,✓,PlayerOperationComplete,
PlayerResourceChanged,,Y,PlayerResourceChanged,,,0,Y,W,,,✓,PlayerResourceChanged,
PlayerResourceChanged_ownerPlayerID,,Y,PlayerResourceChanged,ownerPlayerID,:number,1,Y,Y,,,✓,,ownerPlayerID
PlayerResourceChanged_resourceTypeID,,Y,PlayerResourceChanged,resourceTypeID,:number,2,Y,Y,,,✓,,resourceTypeID
PlayerRestored,,Y,PlayerRestored,,,0,X,Z,,,✓,PlayerRestored,
PlayerRevived,,Y,PlayerRevived,,,0,Y,W,,,✓,PlayerRevived,
PlayerTurnActivated,,Y,PlayerTurnActivated,,,0,X,Z,,,✓,PlayerTurnActivated,
PlayerTurnActivated_playerID,,Y,PlayerTurnActivated,playerID,:number,1,X,X,,,✓,,playerID
PlayerTurnActivated_bIsFirstTime,,Y,PlayerTurnActivated,bIsFirstTime,:boolean,2,X,X,,,✓,,bIsFirstTime
PlayerTurnDeactivated,,Y,PlayerTurnDeactivated,,,0,Y,W,,,✓,PlayerTurnDeactivated,
PlayerTurnDeactivated_playerID,,Y,PlayerTurnDeactivated,playerID,:number,1,Y,Y,,,✓,,playerID
PlayerTurnStartComplete,Y,,PlayerTurnStartComplete,,,0,X,Z,,✓,,PlayerTurnStartComplete,
PlayerTurnStartComplete_playerID,Y,,PlayerTurnStartComplete,playerID,:number,1,X,X,,✓,,,playerID
PlayerTurnStarted,Y,,PlayerTurnStarted,,,0,Y,W,,✓,,PlayerTurnStarted,
PlayerTurnStarted_playerID,Y,,PlayerTurnStarted,playerID,:number,1,Y,Y,,✓,,,playerID
PlayerVictory,,Y,PlayerVictory,,,0,X,Z,,,✓,PlayerVictory,
PlotAppealChanged,,Y,PlotAppealChanged,,,0,Y,W,,,✓,PlotAppealChanged,
PlotMarkerChanged,,Y,PlotMarkerChanged,,,0,X,Z,,,✓,PlotMarkerChanged,
PlotMarkerChanged_iX,,Y,PlotMarkerChanged,iX,:number,1,X,X,,,✓,,iX
PlotMarkerChanged_iY,,Y,PlotMarkerChanged,iY,:number,2,X,X,,,✓,,iY
PlotOwnershipChanged,Y,,PlotOwnershipChanged,,,0,Y,W,,✓,,PlotOwnershipChanged,
PlotPropertyChanged,Y,Y,PlotPropertyChanged,,,0,X,Z,,✓,✓,PlotPropertyChanged,
PlotPropertyChanged_iX,Y,Y,PlotPropertyChanged,iX,:number,1,X,X,,✓,✓,,iX
PlotPropertyChanged_iY,Y,Y,PlotPropertyChanged,iY,:number,2,X,X,,✓,✓,,iY
PlotVisibilityChanged,,Y,PlotVisibilityChanged,,,0,Y,W,,,✓,PlotVisibilityChanged,
PlotVisibilityChanged_iX,,Y,PlotVisibilityChanged,iX,:number,1,Y,Y,,,✓,,iX
PlotVisibilityChanged_iY,,Y,PlotVisibilityChanged,iY,:number,2,Y,Y,,,✓,,iY
PlotVisibilityChanged_visibilityType,,Y,PlotVisibilityChanged,visibilityType,:number,3,Y,Y,,,✓,,visibilityType
PlotYieldChanged,,Y,PlotYieldChanged,,,0,X,Z,,,✓,PlotYieldChanged,
PlotYieldChanged_iX,,Y,PlotYieldChanged,iX,:number,1,X,X,,,✓,,iX
PlotYieldChanged_iY,,Y,PlotYieldChanged,iY,:number,2,X,X,,,✓,,iY
PolicyChanged,Y,Y,PolicyChanged,,,0,Y,W,,✓,✓,PolicyChanged,
PolicyChanged_playerID,Y,Y,PolicyChanged,playerID,:number,1,Y,Y,,✓,✓,,playerID
PolicyChanged_policyID,Y,Y,PolicyChanged,policyID,:number,2,Y,Y,,✓,✓,,policyID
PolicyChanged_bEnacted,Y,Y,PolicyChanged,bEnacted,:boolean,3,Y,Y,,✓,✓,,bEnacted
QuestChanged,,Y,QuestChanged,,,0,X,Z,,,✓,QuestChanged,
QuestChanged_CityStateID,,Y,QuestChanged,CityStateID,:number,1,X,X,,,✓,,CityStateID
QuestChanged_CompletedQuestPlayerID,,Y,QuestChanged,CompletedQuestPlayerID,:number,2,X,X,,,✓,,CompletedQuestPlayerID
QueueFlushed,,Y,QueueFlushed,,,0,Y,W,,,✓,QueueFlushed,
ReligionFounded,,Y,ReligionFounded,,,0,X,Z,,,✓,ReligionFounded,
ReligionFounded_playerID,,Y,ReligionFounded,playerID,:number,1,X,X,,,✓,,playerID
ReligionFounded_religionID,,Y,ReligionFounded,religionID,:number,2,X,X,,,✓,,religionID
RemotePlayerTurnBegin,,Y,RemotePlayerTurnBegin,,,0,Y,W,,,✓,RemotePlayerTurnBegin,
RemotePlayerTurnEnd,,Y,RemotePlayerTurnEnd,,,0,X,Z,,,✓,RemotePlayerTurnEnd,
RemotePlayerTurnUnready,,Y,RemotePlayerTurnUnready,,,0,Y,W,,,✓,RemotePlayerTurnUnready,
ResearchChanged,,Y,ResearchChanged,,,0,X,Z,,,✓,ResearchChanged,
ResearchChanged_ePlayer,,Y,ResearchChanged,ePlayer,:number,1,X,X,,,✓,,ePlayer
ResearchChanged_eTech,,Y,ResearchChanged,eTech,:number,2,X,X,,,✓,,eTech
ResearchCompleted,,Y,ResearchCompleted,,,0,Y,W,,,✓,ResearchCompleted,
ResearchCompleted_ePlayer,,Y,ResearchCompleted,ePlayer,:number,1,Y,Y,,,✓,,ePlayer
ResearchCompleted_eTech,,Y,ResearchCompleted,eTech,:number,2,Y,Y,,,✓,,eTech
ResearchQueueChanged,,Y,ResearchQueueChanged,,,0,X,Z,,,✓,ResearchQueueChanged,
ResearchQueueChanged_ePlayer,,Y,ResearchQueueChanged,ePlayer,:number,1,X,X,,,✓,,ePlayer
ResearchQueueChanged_eTech,,Y,ResearchQueueChanged,eTech,:number,2,X,X,,,✓,,eTech
ResearchYieldChanged,,Y,ResearchYieldChanged,,,0,Y,W,,,✓,ResearchYieldChanged,
ResearchYieldChanged_ePlayer,,Y,ResearchYieldChanged,ePlayer,:number,1,Y,Y,,,✓,,ePlayer
ResourceAddedToMap,,Y,ResourceAddedToMap,,,0,X,Z,,,✓,ResourceAddedToMap,
ResourceAddedToMap_iX,,Y,ResourceAddedToMap,iX,:number,1,X,X,,,✓,,iX
ResourceAddedToMap_iY,,Y,ResourceAddedToMap,iY,:number,2,X,X,,,✓,,iY
ResourceAddedToMap_resourceType,,Y,ResourceAddedToMap,resourceType,:number,3,X,X,,,✓,,resourceType
ResourceChanged,,Y,ResourceChanged,,,0,Y,W,,,✓,ResourceChanged,
ResourceRemovedFromMap,,Y,ResourceRemovedFromMap,,,0,X,Z,,,✓,ResourceRemovedFromMap,
ResourceRemovedFromMap_iX,,Y,ResourceRemovedFromMap,iX,:number,1,X,X,,,✓,,iX
ResourceRemovedFromMap_iY,,Y,ResourceRemovedFromMap,iY,:number,2,X,X,,,✓,,iY
ResourceRemovedFromMap_resourceType,,Y,ResourceRemovedFromMap,resourceType,:number,3,X,X,,,✓,,resourceType
ResourceVisibilityChanged,,Y,ResourceVisibilityChanged,,,0,Y,W,,,✓,ResourceVisibilityChanged,
ResourceVisibilityChanged_iX,,Y,ResourceVisibilityChanged,iX,:number,1,Y,Y,,,✓,,iX
ResourceVisibilityChanged_iY,,Y,ResourceVisibilityChanged,iY,:number,2,Y,Y,,,✓,,iY
ResourceVisibilityChanged_resourceType,,Y,ResourceVisibilityChanged,resourceType,:number,3,Y,Y,,,✓,,resourceType
ResourceVisibilityChanged_visibilityType,,Y,ResourceVisibilityChanged,visibilityType,:number,4,Y,Y,,,✓,,visibilityType
RiverAddedToMap,,Y,RiverAddedToMap,,,0,X,Z,,,✓,RiverAddedToMap,
RiverRemovedFromMap,,Y,RiverRemovedFromMap,,,0,Y,W,,,✓,RiverRemovedFromMap,
RouteAddedToMap,,Y,RouteAddedToMap,,,0,X,Z,,,✓,RouteAddedToMap,
RouteChanged,,Y,RouteChanged,,,0,Y,W,,,✓,RouteChanged,
RouteChanged_iX,,Y,RouteChanged,iX,:number,1,Y,Y,,,✓,,iX
RouteChanged_iY,,Y,RouteChanged,iY,:number,2,Y,Y,,,✓,,iY
RouteRemovedFromMap,,Y,RouteRemovedFromMap,,,0,X,Z,,,✓,RouteRemovedFromMap,
RouteVisibilityChanged,,Y,RouteVisibilityChanged,,,0,Y,W,,,✓,RouteVisibilityChanged,
SpyAdded,,Y,SpyAdded,,,0,X,Z,,,✓,SpyAdded,
SpyAdded_spyOwner,,Y,SpyAdded,spyOwner,:number,1,X,X,,,✓,,spyOwner
SpyAdded_spyUnitID,,Y,SpyAdded,spyUnitID,:number,2,X,X,,,✓,,spyUnitID
SpyMissionCompleted,,Y,SpyMissionCompleted,,,0,Y,W,,,✓,SpyMissionCompleted,
SpyMissionCompleted_playerID,,Y,SpyMissionCompleted,playerID,:number,1,Y,Y,,,✓,,playerID
SpyMissionCompleted_missionID,,Y,SpyMissionCompleted,missionID,:number,2,Y,Y,,,✓,,missionID
SpyMissionUpdated,,Y,SpyMissionUpdated,,,0,X,Z,,,✓,SpyMissionUpdated,
SpyRemoved,,Y,SpyRemoved,,,0,Y,W,,,✓,SpyRemoved,
SpyRemoved_spyOwner,,Y,SpyRemoved,spyOwner,:number,1,Y,Y,,,✓,,spyOwner
SpyRemoved_counterSpyPlayer,,Y,SpyRemoved,counterSpyPlayer,:number,2,Y,Y,,,✓,,counterSpyPlayer
SpyUpdated,,Y,SpyUpdated,,,0,X,Z,,,✓,SpyUpdated,
StatusMessage,,Y,StatusMessage,,,0,Y,W,,,✓,StatusMessage,
SystemUpdateUI,,Y,SystemUpdateUI,,,0,X,Z,,,✓,SystemUpdateUI,
SystemUpdateUI_type,,Y,SystemUpdateUI,type,:number,1,X,X,,,✓,,type
SystemUpdateUI_tag,,Y,SystemUpdateUI,tag,:string,2,X,X,,,✓,,tag
SystemUpdateUI_iData1,,Y,SystemUpdateUI,iData1,:number,3,X,X,,,✓,,iData1
SystemUpdateUI_iData2,,Y,SystemUpdateUI,iData2,:number,4,X,X,,,✓,,iData2
SystemUpdateUI_strData1,,Y,SystemUpdateUI,strData1,:string,5,X,X,,,✓,,strData1
TeamVictory,,Y,TeamVictory,,,0,Y,W,,,✓,TeamVictory,
TechBoostTriggered,,Y,TechBoostTriggered,,,0,X,Z,,,✓,TechBoostTriggered,
TechBoostTriggered_playerID,,Y,TechBoostTriggered,playerID,:number,1,X,X,,,✓,,playerID
TechBoostTriggered_iTechBoosted,,Y,TechBoostTriggered,iTechBoosted,:number,2,X,X,,,✓,,iTechBoosted
TechBoostTriggered_iUnknownA,,Y,TechBoostTriggered,iUnknownA,:number,3,X,X,,,✓,,iUnknownA
TechBoostTriggered_iUnknownB,,Y,TechBoostTriggered,iUnknownB,:number,4,X,X,,,✓,,iUnknownB
TerrainTypeChanged,,Y,TerrainTypeChanged,,,0,Y,W,,,✓,TerrainTypeChanged,
TradeRouteActivityChanged,,Y,TradeRouteActivityChanged,,,0,X,Z,,,✓,TradeRouteActivityChanged,
TradeRouteActivityChanged_playerID,,Y,TradeRouteActivityChanged,playerID,:number,1,X,X,,,✓,,playerID
TradeRouteActivityChanged_OriginPlayerID,,Y,TradeRouteActivityChanged,OriginPlayerID,:number,2,X,X,,,✓,,OriginPlayerID
TradeRouteActivityChanged_OriginCityID,,Y,TradeRouteActivityChanged,OriginCityID,:number,3,X,X,,,✓,,OriginCityID
TradeRouteActivityChanged_TargetPlayerID,,Y,TradeRouteActivityChanged,TargetPlayerID,:number,4,X,X,,,✓,,TargetPlayerID
TradeRouteActivityChanged_TargetCityID,,Y,TradeRouteActivityChanged,TargetCityID,:number,5,X,X,,,✓,,TargetCityID
TradeRouteAddedToMap,,Y,TradeRouteAddedToMap,,,0,Y,W,,,✓,TradeRouteAddedToMap,
TradeRouteAddedToMap_playerID,,Y,TradeRouteAddedToMap,playerID,:number,1,Y,Y,,,✓,,playerID
TradeRouteAddedToMap_iX,,Y,TradeRouteAddedToMap,iX,:number,2,Y,Y,,,✓,,iX
TradeRouteAddedToMap_iY,,Y,TradeRouteAddedToMap,iY,:number,3,Y,Y,,,✓,,iY
TradeRouteCapacityChanged,,Y,TradeRouteCapacityChanged,,,0,X,Z,,,✓,TradeRouteCapacityChanged,
TradeRouteCapacityChanged_playerID,,Y,TradeRouteCapacityChanged,playerID,:number,1,X,X,,,✓,,playerID
TradeRouteRangeChanged,,Y,TradeRouteRangeChanged,,,0,Y,W,,,✓,TradeRouteRangeChanged,
TradeRouteRemovedFromMap,,Y,TradeRouteRemovedFromMap,,,0,X,Z,,,✓,TradeRouteRemovedFromMap,
TradeRouteRemovedFromMap_playerID,,Y,TradeRouteRemovedFromMap,playerID,:number,1,X,X,,,✓,,playerID
TradeRouteRemovedFromMap_iX,,Y,TradeRouteRemovedFromMap,iX,:number,2,X,X,,,✓,,iX
TradeRouteRemovedFromMap_iY,,Y,TradeRouteRemovedFromMap,iY,:number,3,X,X,,,✓,,iY
TreasuryChanged,,Y,TreasuryChanged,,,0,Y,W,,,✓,TreasuryChanged,
TreasuryChanged_playerID,,Y,TreasuryChanged,playerID,:number,1,Y,Y,,,✓,,playerID
TreasuryChanged_yield,,Y,TreasuryChanged,yield,:number,2,Y,Y,,,✓,,yield
TreasuryChanged_balance,,Y,TreasuryChanged,balance,:number,3,Y,Y,,,✓,,balance
TurnBegin,,Y,TurnBegin,,,0,X,Z,,,✓,TurnBegin,
TurnEnd,,Y,TurnEnd,,,0,Y,W,,,✓,TurnEnd,
UnitAbilityGained,,Y,UnitAbilityGained,,,0,X,Z,,,✓,UnitAbilityGained,
UnitAbilityGained_playerID,,Y,UnitAbilityGained,playerID,:number,1,X,X,,,✓,,playerID
UnitAbilityGained_unitID,,Y,UnitAbilityGained,unitID,:number,2,X,X,,,✓,,unitID
UnitAbilityGained_eAbilityType,,Y,UnitAbilityGained,eAbilityType,:number,3,X,X,,,✓,,eAbilityType
UnitActivate,,Y,UnitActivate,,,0,Y,W,,,✓,UnitActivate,
UnitActivityChanged,,Y,UnitActivityChanged,,,0,X,Z,,,✓,UnitActivityChanged,
UnitActivityChanged_playerID,,Y,UnitActivityChanged,playerID,:number,1,X,X,,,✓,,playerID
UnitActivityChanged_unitID,,Y,UnitActivityChanged,unitID,:number,2,X,X,,,✓,,unitID
UnitActivityChanged_eActivityType,,Y,UnitActivityChanged,eActivityType,:number,3,X,X,,,✓,,eActivityType
UnitAddedToMap,Y,Y,UnitAddedToMap,,,0,Y,W,,✓,✓,UnitAddedToMap,
UnitAddedToMap_playerID,Y,Y,UnitAddedToMap,playerID,:number,1,Y,Y,,✓,✓,,playerID
UnitAddedToMap_unitID,Y,Y,UnitAddedToMap,unitID,:number,2,Y,Y,,✓,✓,,unitID
UnitAirlifted,,Y,UnitAirlifted,,,0,X,Z,,,✓,UnitAirlifted,
UnitArtifactChanged,,Y,UnitArtifactChanged,,,0,Y,W,,,✓,UnitArtifactChanged,
UnitArtifactChanged_playerID,,Y,UnitArtifactChanged,playerID,:number,1,Y,Y,,,✓,,playerID
UnitArtifactChanged_unitID,,Y,UnitArtifactChanged,unitID,:number,2,Y,Y,,,✓,,unitID
UnitCaptured,,Y,UnitCaptured,,,0,X,Z,,,✓,UnitCaptured,
UnitCaptured_currentUnitOwner,,Y,UnitCaptured,currentUnitOwner,:number,1,X,X,,,✓,,currentUnitOwner
UnitCaptured_unitID,,Y,UnitCaptured,unitID,:number,2,X,X,,,✓,,unitID
UnitCaptured_owningPlayer,,Y,UnitCaptured,owningPlayer,:number,3,X,X,,,✓,,owningPlayer
UnitCaptured_capturingPlayer,,Y,UnitCaptured,capturingPlayer,:number,4,X,X,,,✓,,capturingPlayer
UnitChargesChanged,,Y,UnitChargesChanged,,,0,Y,W,,,✓,UnitChargesChanged,
UnitChargesChanged_playerID,,Y,UnitChargesChanged,playerID,:number,1,Y,Y,,,✓,,playerID
UnitChargesChanged_unitID,,Y,UnitChargesChanged,unitID,:number,2,Y,Y,,,✓,,unitID
UnitChargesChanged_newCharges,,Y,UnitChargesChanged,newCharges,:number,3,Y,Y,,,✓,,newCharges
UnitChargesChanged_oldCharges,,Y,UnitChargesChanged,oldCharges,:number,4,Y,Y,,,✓,,oldCharges
UnitCommandStarted,,Y,UnitCommandStarted,,,0,X,Z,,,✓,UnitCommandStarted,
UnitCommandStarted_playerID,,Y,UnitCommandStarted,playerID,:number,1,X,X,,,✓,,playerID
UnitCommandStarted_unitID,,Y,UnitCommandStarted,unitID,:number,2,X,X,,,✓,,unitID
UnitCommandStarted_hCommand,,Y,UnitCommandStarted,hCommand,:number,3,X,X,,,✓,,hCommand
UnitCommandStarted_iData1,,Y,UnitCommandStarted,iData1,:number,4,X,X,,,✓,,iData1
UnitDamageChanged,,Y,UnitDamageChanged,,,0,Y,W,,,✓,UnitDamageChanged,
UnitDamageChanged_PlayerID,,Y,UnitDamageChanged,PlayerID,:number,1,Y,Y,,,✓,,PlayerID
UnitDamageChanged_UnitID,,Y,UnitDamageChanged,UnitID,:number,2,Y,Y,,,✓,,UnitID
UnitDamageChanged_newDamage,,Y,UnitDamageChanged,newDamage,:number,3,Y,Y,,,✓,,newDamage
UnitDamageChanged_prevDamage,,Y,UnitDamageChanged,prevDamage,:number,4,Y,Y,,,✓,,prevDamage
UnitEmbarkedStateChanged,,Y,UnitEmbarkedStateChanged,,,0,X,Z,,,✓,UnitEmbarkedStateChanged,
UnitEmbarkedStateChanged_playerID,,Y,UnitEmbarkedStateChanged,playerID,:number,1,X,X,,,✓,,playerID
UnitEmbarkedStateChanged_unitID,,Y,UnitEmbarkedStateChanged,unitID,:number,2,X,X,,,✓,,unitID
UnitEmbarkedStateChanged_bEmbarkedState,,Y,UnitEmbarkedStateChanged,bEmbarkedState,:boolean,3,X,X,,,✓,,bEmbarkedState
UnitEnterFormation,,Y,UnitEnterFormation,,,0,Y,W,,,✓,UnitEnterFormation,
UnitEnterFormation_firstUnitOwner,,Y,UnitEnterFormation,firstUnitOwner,:number,1,Y,Y,,,✓,,firstUnitOwner
UnitEnterFormation_firstUnitID,,Y,UnitEnterFormation,firstUnitID,:number,2,Y,Y,,,✓,,firstUnitID
UnitEnterFormation_secondUnitOwner,,Y,UnitEnterFormation,secondUnitOwner,:number,3,Y,Y,,,✓,,secondUnitOwner
UnitEnterFormation_secondUnitID,,Y,UnitEnterFormation,secondUnitID,:number,4,Y,Y,,,✓,,secondUnitID
UnitExitFormation,,Y,UnitExitFormation,,,0,X,Z,,,✓,UnitExitFormation,
UnitExitFormation_firstUnitOwner,,Y,UnitExitFormation,firstUnitOwner,:number,1,X,X,,,✓,,firstUnitOwner
UnitExitFormation_firstUnitID,,Y,UnitExitFormation,firstUnitID,:number,2,X,X,,,✓,,firstUnitID
UnitExitFormation_secondUnitOwner,,Y,UnitExitFormation,secondUnitOwner,:number,3,X,X,,,✓,,secondUnitOwner
UnitExitFormation_secondUnitID,,Y,UnitExitFormation,secondUnitID,:number,4,X,X,,,✓,,secondUnitID
UnitExperienceChanged,,Y,UnitExperienceChanged,,,0,Y,W,,,✓,UnitExperienceChanged,
UnitFormArmy,,Y,UnitFormArmy,,,0,X,Z,,,✓,UnitFormArmy,
UnitFormArmy_playerID,,Y,UnitFormArmy,playerID,:number,1,X,X,,,✓,,playerID
UnitFormArmy_unitID,,Y,UnitFormArmy,unitID,:number,2,X,X,,,✓,,unitID
UnitFormationChanged,,Y,UnitFormationChanged,,,0,Y,W,,,✓,UnitFormationChanged,
UnitFormCorps,,Y,UnitFormCorps,,,0,X,Z,,,✓,UnitFormCorps,
UnitFormCorps_playerID,,Y,UnitFormCorps,playerID,:number,1,X,X,,,✓,,playerID
UnitFormCorps_unitID,,Y,UnitFormCorps,unitID,:number,2,X,X,,,✓,,unitID
UnitFortificationChanged,,Y,UnitFortificationChanged,,,0,Y,W,,,✓,UnitFortificationChanged,
UnitFortificationChanged_playerID,,Y,UnitFortificationChanged,playerID,:number,1,Y,Y,,,✓,,playerID
UnitFortificationChanged_unitID,,Y,UnitFortificationChanged,unitID,:number,2,Y,Y,,,✓,,unitID
UnitGreatPersonActivated,,Y,UnitGreatPersonActivated,,,0,X,Z,,,✓,UnitGreatPersonActivated,
UnitGreatPersonActivated_unitOwner,,Y,UnitGreatPersonActivated,unitOwner,:number,1,X,X,,,✓,,unitOwner
UnitGreatPersonActivated_unitID,,Y,UnitGreatPersonActivated,unitID,:number,2,X,X,,,✓,,unitID
UnitGreatPersonActivated_greatPersonClassID,,Y,UnitGreatPersonActivated,greatPersonClassID,:number,3,X,X,,,✓,,greatPersonClassID
UnitGreatPersonActivated_greatPersonIndividualID,,Y,UnitGreatPersonActivated,greatPersonIndividualID,:number,4,X,X,,,✓,,greatPersonIndividualID
UnitGreatPersonChanged,,Y,UnitGreatPersonChanged,,,0,Y,W,,,✓,UnitGreatPersonChanged,
UnitGreatPersonCreated,,Y,UnitGreatPersonCreated,,,0,X,Z,,,✓,UnitGreatPersonCreated,
UnitGreatPersonCreated_playerID,,Y,UnitGreatPersonCreated,playerID,:number,1,X,X,,,✓,,playerID
UnitGreatPersonCreated_unitID,,Y,UnitGreatPersonCreated,unitID,:number,2,X,X,,,✓,,unitID
UnitGreatPersonCreated_greatPersonClassID,,Y,UnitGreatPersonCreated,greatPersonClassID,:number,3,X,X,,,✓,,greatPersonClassID
UnitGreatPersonCreated_greatPersonIndividualID,,Y,UnitGreatPersonCreated,greatPersonIndividualID,:number,4,X,X,,,✓,,greatPersonIndividualID
UnitKilledInCombat,,Y,UnitKilledInCombat,,,0,Y,W,,,✓,UnitKilledInCombat,
UnitKilledInCombat_killedPlayerID,,Y,UnitKilledInCombat,killedPlayerID,:number,1,Y,Y,,,✓,,killedPlayerID
UnitKilledInCombat_killedUnitID,,Y,UnitKilledInCombat,killedUnitID,:number,2,Y,Y,,,✓,,killedUnitID
UnitKilledInCombat_playerID,,Y,UnitKilledInCombat,playerID,:number,3,Y,Y,,,✓,,playerID
UnitKilledInCombat_unitID,,Y,UnitKilledInCombat,unitID,:number,4,Y,Y,,,✓,,unitID
UnitMoveComplete,,Y,UnitMoveComplete,,,0,X,Z,,,✓,UnitMoveComplete,
UnitMoveComplete_playerID,,Y,UnitMoveComplete,playerID,:number,1,X,X,,,✓,,playerID
UnitMoveComplete_unitID,,Y,UnitMoveComplete,unitID,:number,2,X,X,,,✓,,unitID
UnitMoveComplete_iX,,Y,UnitMoveComplete,iX,:number,3,X,X,,,✓,,iX
UnitMoveComplete_iY,,Y,UnitMoveComplete,iY,:number,4,X,X,,,✓,,iY
UnitMoved,,Y,UnitMoved,,,0,Y,W,,,✓,UnitMoved,
UnitMoved_playerID,,Y,UnitMoved,playerID,:number,1,Y,Y,,,✓,,playerID
UnitMoved_unitID,,Y,UnitMoved,unitID,:number,2,Y,Y,,,✓,,unitID
UnitMoved_iX,,Y,UnitMoved,iX,:number,3,Y,Y,,,✓,,iX
UnitMoved_iY,,Y,UnitMoved,iY,:number,4,Y,Y,,,✓,,iY
UnitMoved_locallyVisible,,Y,UnitMoved,locallyVisible,,5,Y,Y,,,✓,,locallyVisible
UnitMoved_stateChange,,Y,UnitMoved,stateChange,,6,Y,Y,,,✓,,stateChange
UnitMovementPointsChanged,,Y,UnitMovementPointsChanged,,,0,X,Z,,,✓,UnitMovementPointsChanged,
UnitMovementPointsChanged_playerID,,Y,UnitMovementPointsChanged,playerID,:number,1,X,X,,,✓,,playerID
UnitMovementPointsChanged_unitID,,Y,UnitMovementPointsChanged,unitID,:number,2,X,X,,,✓,,unitID
UnitMovementPointsChanged_MovementPoints,,Y,UnitMovementPointsChanged,MovementPoints,:number,3,X,X,,,✓,,MovementPoints
UnitMovementPointsCleared,,Y,UnitMovementPointsCleared,,,0,Y,W,,,✓,UnitMovementPointsCleared,
UnitMovementPointsCleared_playerID,,Y,UnitMovementPointsCleared,playerID,:number,1,Y,Y,,,✓,,playerID
UnitMovementPointsCleared_unitID,,Y,UnitMovementPointsCleared,unitID,:number,2,Y,Y,,,✓,,unitID
UnitMovementPointsRestored,,Y,UnitMovementPointsRestored,,,0,X,Z,,,✓,UnitMovementPointsRestored,
UnitMovementPointsRestored_playerID,,Y,UnitMovementPointsRestored,playerID,:number,1,X,X,,,✓,,playerID
UnitMovementPointsRestored_unitID,,Y,UnitMovementPointsRestored,unitID,:number,2,X,X,,,✓,,unitID
UnitMovementPointsRestored_MovementPoints,,Y,UnitMovementPointsRestored,MovementPoints,:number,3,X,X,,,✓,,MovementPoints
UnitOperationAdded,,Y,UnitOperationAdded,,,0,Y,W,,,✓,UnitOperationAdded,
UnitOperationAdded_playerID,,Y,UnitOperationAdded,playerID,:number,1,Y,Y,,,✓,,playerID
UnitOperationAdded_unitID,,Y,UnitOperationAdded,unitID,:number,2,Y,Y,,,✓,,unitID
UnitOperationAdded_iUnknown,,Y,UnitOperationAdded,iUnknown,:number,3,Y,Y,,,✓,,iUnknown
UnitOperationAdded_hOperation,,Y,UnitOperationAdded,hOperation,:number,4,Y,Y,,,✓,,hOperation
UnitOperationDeactivated,,Y,UnitOperationDeactivated,,,0,X,Z,,,✓,UnitOperationDeactivated,
UnitOperationDeactivated_playerID,,Y,UnitOperationDeactivated,playerID,:number,1,X,X,,,✓,,playerID
UnitOperationDeactivated_unitID,,Y,UnitOperationDeactivated,unitID,:number,2,X,X,,,✓,,unitID
UnitOperationDeactivated_hOperation,,Y,UnitOperationDeactivated,hOperation,:number,3,X,X,,,✓,,hOperation
UnitOperationDeactivated_iData1,,Y,UnitOperationDeactivated,iData1,:number,4,X,X,,,✓,,iData1
UnitOperationSegmentComplete,,Y,UnitOperationSegmentComplete,,,0,Y,W,,,✓,UnitOperationSegmentComplete,
UnitOperationSegmentComplete_playerID,,Y,UnitOperationSegmentComplete,playerID,:number,1,Y,Y,,,✓,,playerID
UnitOperationSegmentComplete_unitID,,Y,UnitOperationSegmentComplete,unitID,:number,2,Y,Y,,,✓,,unitID
UnitOperationSegmentComplete_hCommand,,Y,UnitOperationSegmentComplete,hCommand,:number,3,Y,Y,,,✓,,hCommand
UnitOperationSegmentComplete_iData1,,Y,UnitOperationSegmentComplete,iData1,:number,4,Y,Y,,,✓,,iData1
UnitOperationStarted,,Y,UnitOperationStarted,,,0,X,Z,,,✓,UnitOperationStarted,
UnitOperationStarted_ownerID,,Y,UnitOperationStarted,ownerID,:number,1,X,X,,,✓,,ownerID
UnitOperationStarted_unitID,,Y,UnitOperationStarted,unitID,:number,2,X,X,,,✓,,unitID
UnitOperationStarted_operationID,,Y,UnitOperationStarted,operationID,:number,3,X,X,,,✓,,operationID
UnitOperationsCleared,,Y,UnitOperationsCleared,,,0,Y,W,,,✓,UnitOperationsCleared,
UnitOperationsCleared_playerID,,Y,UnitOperationsCleared,playerID,:number,1,Y,Y,,,✓,,playerID
UnitOperationsCleared_unitID,,Y,UnitOperationsCleared,unitID,:number,2,Y,Y,,,✓,,unitID
UnitOperationsCleared_hCommand,,Y,UnitOperationsCleared,hCommand,:number,3,Y,Y,,,✓,,hCommand
UnitOperationsCleared_iData1,,Y,UnitOperationsCleared,iData1,:number,4,Y,Y,,,✓,,iData1
UnitParadropped,,Y,UnitParadropped,,,0,X,Z,,,✓,UnitParadropped,
UnitPromoted,,Y,UnitPromoted,,,0,Y,W,,,✓,UnitPromoted,
UnitPromoted_playerID,,Y,UnitPromoted,playerID,:number,1,Y,Y,,,✓,,playerID
UnitPromoted_unitID,,Y,UnitPromoted,unitID,:number,2,Y,Y,,,✓,,unitID
UnitPromotionAvailable,,Y,UnitPromotionAvailable,,,0,X,Z,,,✓,UnitPromotionAvailable,
UnitPromotionAvailable_playerID,,Y,UnitPromotionAvailable,playerID,:number,1,X,X,,,✓,,playerID
UnitPromotionAvailable_unitID,,Y,UnitPromotionAvailable,unitID,:number,2,X,X,,,✓,,unitID
UnitPromotionAvailable_promotionID,,Y,UnitPromotionAvailable,promotionID,:number,3,X,X,,,✓,,promotionID
UnitRemovedFromMap,,Y,UnitRemovedFromMap,,,0,Y,W,,,✓,UnitRemovedFromMap,
UnitRemovedFromMap_playerID,,Y,UnitRemovedFromMap,playerID,:number,1,Y,Y,,,✓,,playerID
UnitRemovedFromMap_unitID,,Y,UnitRemovedFromMap,unitID,:number,2,Y,Y,,,✓,,unitID
UnitTeleported,,Y,UnitTeleported,,,0,X,Z,,,✓,UnitTeleported,
UnitTeleported_playerID,,Y,UnitTeleported,playerID,:number,1,X,X,,,✓,,playerID
UnitTeleported_unitID,,Y,UnitTeleported,unitID,:number,2,X,X,,,✓,,unitID
UnitTeleported_iX,,Y,UnitTeleported,iX,:number,3,X,X,,,✓,,iX
UnitTeleported_iY,,Y,UnitTeleported,iY,:number,4,X,X,,,✓,,iY
UnitTradeChanged,,Y,UnitTradeChanged,,,0,Y,W,,,✓,UnitTradeChanged,
UnitTradeChanged_playerID,,Y,UnitTradeChanged,playerID,:number,1,Y,Y,,,✓,,playerID
UnitTradeChanged_unitID,,Y,UnitTradeChanged,unitID,:number,2,Y,Y,,,✓,,unitID
UnitUpgraded,,Y,UnitUpgraded,,,0,X,Z,,,✓,UnitUpgraded,
UnitUpgraded_playerID,,Y,UnitUpgraded,playerID,:number,1,X,X,,,✓,,playerID
UnitUpgraded_unitID,,Y,UnitUpgraded,unitID,:number,2,X,X,,,✓,,unitID
UnitVisibilityChanged,,Y,UnitVisibilityChanged,,,0,Y,W,,,✓,UnitVisibilityChanged,
UnitVisibilityChanged_playerID,,Y,UnitVisibilityChanged,playerID,:number,1,Y,Y,,,✓,,playerID
UnitVisibilityChanged_unitID,,Y,UnitVisibilityChanged,unitID,:number,2,Y,Y,,,✓,,unitID
WMDCountChanged,,Y,WMDCountChanged,,,0,X,Z,,,✓,WMDCountChanged,
WMDCountChanged_playerID,,Y,WMDCountChanged,playerID,:number,1,X,X,,,✓,,playerID
WMDCountChanged_eWMD,,Y,WMDCountChanged,eWMD,:number,2,X,X,,,✓,,eWMD
WMDDetonated,,Y,WMDDetonated,,,0,Y,W,,,✓,WMDDetonated,
WMDFalloutChanged,,Y,WMDFalloutChanged,,,0,X,Z,,,✓,WMDFalloutChanged,
WMDFalloutVisibilityChanged,,Y,WMDFalloutVisibilityChanged,,,0,Y,W,,,✓,WMDFalloutVisibilityChanged,
WonderCompleted,,Y,WonderCompleted,,,0,X,Z,,,✓,WonderCompleted,
WonderCompleted_iX,,Y,WonderCompleted,iX,:number,1,X,X,,,✓,,iX
WonderCompleted_iY,,Y,WonderCompleted,iY,:number,2,X,X,,,✓,,iY
WonderCompleted_buildingIndex,,Y,WonderCompleted,buildingIndex,:number,3,X,X,,,✓,,buildingIndex
WonderCompleted_playerIndex,,Y,WonderCompleted,playerIndex,:number,4,X,X,,,✓,,playerIndex
WonderCompleted_cityID,,Y,WonderCompleted,cityID,:number,5,X,X,,,✓,,cityID
WonderCompleted_iPercentComplete,,Y,WonderCompleted,iPercentComplete,:number,5,X,X,,,✓,,iPercentComplete
WonderCompleted_iUnknown,,Y,WonderCompleted,iUnknown,:number,6,X,X,,,✓,,iUnknown
WorldTextMessage,,Y,WorldTextMessage,,,0,Y,W,,,✓,WorldTextMessage,
WorldTextMessage_messageType,,Y,WorldTextMessage,messageType,:number,1,Y,Y,,,✓,,messageType
WorldTextMessage_delay,,Y,WorldTextMessage,delay,:number,2,Y,Y,,,✓,,delay
WorldTextMessage_iX,,Y,WorldTextMessage,iX,:number,3,Y,Y,,,✓,,iX
WorldTextMessage_iY,,Y,WorldTextMessage,iY,:number,4,Y,Y,,,✓,,iY
WorldTextMessage_text,,Y,WorldTextMessage,text,:number,5,Y,Y,,,✓,,text
